Rank,Player,Fantasy Points,Fantasy Points/Game,Passing TD,Interceptions,Passing Yards (Advanced),Completion % (Advanced),Yards/Attempt (Advanced),CPOE,Completions (Advanced),Pass Attempts (Advanced),Air Yards,Air Yards/Attempt,Completions 10+ Yards,Completions 20+ Yards,Completions 30+ Yards,Completions 40+ Yards,Completions 50+ Yards,Red Zone Attempts,QB Rating,Pocket Time,Sacks (Advanced),pressure_to_sack,QB Hits/Knockdowns,QB Hurries,Blitzes Faced,Poor Throws,Receiver Drops,Rushing TD,Rushing Yards,Rushing Attempts,Fumbles Lost,Games Played (Advanced),player_id,Year,pressures,Completions,Rostered %,Position,passer_player_id,passer_player_name
1.0,Lamar Jackson (BAL),434.4,25.6,41.0,4.0,"4,172",67%,8.8,5.083347303441251,316.0,474.0,"2,344",4.9,175.0,56.0,18.0,14.0,6.0,64.0,120.0,2.5,23.0,0.4262295081967213,31.0,53.0,162.0,69.0,28.0,4.0,915.0,139.0,5.0,17.0,00-0034796,2024,61.0,316.0,99.8%,QB,00-0034796,L.Jackson
1.0,Patrick Mahomes II (KC),429.4,25.3,41.0,12.0,"5,250",67%,8.1,,435.0,648.0,"2,745",4.2,210.0,73.0,28.0,13.0,5.0,123.0,106.0,2.6,26.0,,56.0,58.0,159.0,94.0,33.0,4.0,358,61.0,0.0,17.0,,2022,,435.0,96.0%,QB,,
1.0,Lamar Jackson (BAL),421.7,28.1,36.0,6.0,"3,127",66%,7.8,2.7551169581456767,265.0,401.0,"1,878",4.7,118.0,42.0,18.0,8.0,5.0,60.0,108.0,2.6,23.0,0.4909090909090909,21.0,31.0,138.0,68.0,14.0,7.0,"1,206",176.0,2.0,15.0,00-0034796,2019,55.0,265.0,99.8%,QB,00-0034796,L.Jackson
1.0,Josh Allen (BUF),417.7,24.6,36.0,15.0,"4,407",63%,6.8,2.163703873612527,409.0,646.0,"2,900",4.5,181.0,51.0,16.0,8.0,3.0,123.0,92.0,2.4,26.0,0.3218390804597701,63.0,96.0,182.0,108.0,35.0,6.0,763.0,122.0,3.0,17.0,00-0034857,2021,87.0,409.0,99.8%,QB,00-0034857,J.Allen
1.0,Patrick Mahomes II (KC),417.0,26.1,50.0,12.0,"5,097",66%,8.8,,383.0,580.0,"2,794",4.8,196.0,75.0,33.0,15.0,8.0,55.0,113.0,2.4,26.0,,67.0,121.0,127.0,95.0,28.0,2.0,272.0,60.0,2.0,16.0,,2018,,383.0,96.0%,QB,,
2.0,Josh Allen (BUF),412.4,24.3,35.0,14.0,"4,316",63%,7.5,1.2715705542940678,362.0,573.0,"2,837",5.0,163.0,51.0,20.0,12.0,4.0,84.0,94.0,2.5,33.0,0.422680412371134,43.0,41.0,144.0,86.0,35.0,7.0,776,126.0,5.0,17.0,00-0034857,2022,97.0,362.0,99.8%,QB,00-0034857,J.Allen
1.0,Josh Allen (BUF),410.9,24.2,29.0,18.0,"4,306",66%,7.4,4.465782111571509,385.0,579.0,"2,529",4.4,164.0,49.0,19.0,9.0,4.0,68.0,92.0,2.3,24.0,0.325,51.0,51.0,181.0,78.0,31.0,15.0,524.0,111.0,4.0,17.0,00-0034857,2023,80.0,385.0,99.8%,QB,00-0034857,J.Allen
1.0,Josh Allen (BUF),406.2,25.4,37.0,10.0,"4,544",69%,7.9,5.9752222156200006,396.0,572.0,"2,891",5.1,186.0,62.0,18.0,8.0,2.0,84.0,106.0,2.6,26.0,0.3736263736263736,39.0,65.0,244.0,88.0,25.0,8.0,421,102.0,6.0,16.0,00-0034857,2020,91.0,396.0,99.8%,QB,00-0034857,J.Allen
2.0,Justin Herbert (LAC),395.6,23.3,38.0,15.0,"5,014",66%,7.5,-0.6154611593330572,443.0,672.0,"2,867",4.3,208.0,52.0,22.0,15.0,3.0,104.0,99.0,2.4,31.0,0.3195876288659793,62.0,50.0,154.0,95.0,38.0,3.0,302.0,63.0,1.0,17.0,00-0036355,2021,97.0,443.0,84.1%,QB,00-0036355,J.Herbert
2.0,Kyler Murray (ARI),390.7,24.4,26.0,12.0,"3,971",67%,7.1,2.2246880569692777,375.0,558.0,"2,463",4.4,142.0,44.0,24.0,14.0,5.0,62.0,96.0,2.5,27.0,0.5294117647058824,23.0,56.0,156.0,88.0,13.0,11.0,819,133.0,4.0,16.0,00-0035228,2020,51.0,375.0,87.5%,QB,00-0035228,K.Murray
3.0,Aaron Rodgers (PIT),388.1,24.3,48.0,5.0,"4,299",71%,8.2,6.779109793049944,372.0,526.0,"2,277",4.3,156.0,57.0,27.0,14.0,5.0,82.0,120.0,2.5,20.0,0.4385964912280701,26.0,34.0,168.0,69.0,27.0,3.0,149,38.0,2.0,16.0,00-0023459,2020,57.0,372.0,4.6%,QB,00-0023459,A.Rodgers
3.0,Tom Brady (FA),386.7,22.7,43.0,12.0,"5,316",68%,7.4,1.222278987624756,485.0,719.0,"3,079",4.3,205.0,75.0,23.0,10.0,4.0,120.0,102.0,2.3,22.0,0.4393939393939394,30.0,30.0,177.0,135.0,32.0,2.0,81.0,28.0,3.0,17.0,00-0019596,2021,66.0,485.0,4.7%,QB,00-0019596,T.Brady
2.0,Josh Allen (BUF),385.1,22.7,28.0,6.0,"3,731",64%,7.7,2.008676370466825,307.0,483.0,"2,007",4.2,143.0,54.0,21.0,10.0,5.0,61.0,97.0,2.4,14.0,0.2878787878787879,37.0,37.0,136.0,86.0,20.0,12.0,531.0,102.0,2.0,17.0,00-0034857,2024,66.0,307.0,99.8%,QB,00-0034857,J.Allen
3.0,Jalen Hurts (PHI),384.1,25.6,22.0,6.0,"3,701",67%,8.0,2.889977628995646,306.0,460.0,"2,155",4.7,152.0,52.0,25.0,11.0,4.0,48.0,101.0,2.3,38.0,0.6461538461538462,22.0,40.0,173.0,61.0,22.0,13.0,760,165.0,2.0,15.0,00-0036389,2022,65.0,306.0,99.7%,QB,00-0036389,J.Hurts
3.0,Joe Burrow (CIN),381.9,22.5,43.0,9.0,"4,918",71%,7.5,6.786788494628712,460.0,652.0,"2,951",4.5,190.0,49.0,24.0,12.0,4.0,122.0,108.0,2.2,48.0,0.3934426229508196,69.0,38.0,164.0,73.0,30.0,2.0,201.0,42.0,5.0,17.0,00-0036442,2024,122.0,460.0,99.6%,QB,00-0036442,J.Burrow
4.0,Baker Mayfield (TB),381.8,22.5,41.0,16.0,"4,500",71%,7.9,4.0903884512155155,407.0,570.0,"2,456",4.3,185.0,58.0,19.0,5.0,2.0,78.0,106.0,2.2,40.0,0.6949152542372882,20.0,49.0,175.0,63.0,27.0,3.0,378.0,60.0,2.0,17.0,00-0034855,2024,59.0,407.0,93.6%,QB,00-0034855,B.Mayfield
4.0,Patrick Mahomes II (KC),380.3,25.4,38.0,6.0,"4,740",66%,8.1,,390.0,588.0,"2,743",4.7,197.0,67.0,22.0,8.0,2.0,74.0,109.0,2.6,22.0,,55.0,63.0,140.0,100.0,28.0,2.0,308,62.0,2.0,15.0,,2020,,390.0,96.0%,QB,,
1.0,Aaron Rodgers (PIT),380.0,23.8,40.0,7.0,"4,428",66%,7.3,3.361026832350994,401.0,610.0,"2,606",4.3,170.0,57.0,23.0,10.0,4.0,48.0,106.0,2.5,35.0,0.4838709677419355,41.0,84.0,151.0,98.0,28.0,4.0,369.0,67.0,4.0,16.0,00-0023459,2016,93,401.0,4.6%,QB,00-0023459,A.Rodgers
5.0,Deshaun Watson (CLE),376.4,23.5,33.0,7.0,"4,823",70%,8.9,6.522549013562691,382.0,544.0,"3,052",5.6,192.0,69.0,27.0,11.0,5.0,85.0,112.0,2.6,49.0,0.5104166666666666,44.0,78.0,168.0,79.0,19.0,3.0,444,90.0,3.0,16.0,,2020,96.0,382.0,0.3%,QB,00-0033537,D.Watson
4.0,Patrick Mahomes II (KC),374.2,22.0,37.0,13.0,"4,828",66%,7.3,,436.0,658.0,"2,480",3.8,192.0,58.0,21.0,11.0,4.0,100.0,100.0,2.4,28.0,,58.0,76.0,112.0,116.0,31.0,2.0,381.0,66.0,4.0,17.0,,2021,,436.0,96.0%,QB,,
6.0,Russell Wilson (NYG),372.6,23.3,40.0,13.0,"4,212",69%,7.5,5.820426654644791,384.0,558.0,"2,596",4.7,161.0,45.0,22.0,11.0,6.0,82.0,104.0,2.7,47.0,0.4193548387096774,60.0,66.0,205.0,84.0,27.0,2.0,513,83.0,4.0,16.0,00-0029263,2020,124.0,384.0,2.5%,QB,00-0029263,R.Wilson
2.0,Jalen Hurts (PHI),371.9,21.9,23.0,15.0,"3,858",65%,7.2,4.1406827817733936,352.0,538.0,"2,374",4.4,149.0,48.0,19.0,7.0,3.0,50.0,88.0,2.6,36.0,0.5571428571428572,29.0,59.0,185.0,72.0,19.0,15.0,605.0,157.0,5.0,17.0,00-0036389,2023,70.0,352.0,99.7%,QB,00-0036389,J.Hurts
4.0,Joe Burrow (CIN),369.0,21.7,36.0,12.0,"4,527",69%,7.4,3.1091971870096677,418.0,610.0,"2,595",4.3,178.0,54.0,21.0,10.0,4.0,92.0,105.0,2.2,41.0,0.4857142857142857,50.0,21.0,110.0,74.0,30.0,5.0,259,76.0,3.0,17.0,00-0036442,2022,105.0,418.0,99.6%,QB,00-0036442,J.Burrow
5.0,Jayden Daniels (WAS),364.7,21.5,25.0,9.0,"3,568",69%,7.4,3.286895609762447,331.0,480.0,"2,097",4.4,137.0,41.0,18.0,10.0,7.0,66.0,97.0,2.4,47.0,0.6071428571428571,28.0,36.0,153.0,67.0,20.0,6.0,891.0,148.0,0.0,17.0,,2024,84.0,331.0,99.8%,QB,00-0039910,J.Daniels
2.0,Matt Ryan (FA),355.0,22.2,35.0,7.0,"4,924",69%,8.1,4.349892129417239,422.0,608.0,"2,992",4.9,202.0,56.0,30.0,9.0,4.0,40.0,108.0,2.3,42.0,0.3888888888888889,48.0,53.0,201.0,79.0,36.0,3.0,125.0,33.0,5.0,16.0,00-0026143,2018,108.0,422.0,0.1%,QB,00-0026143,M.Ryan
3.0,Dak Prescott (DAL),352.0,20.7,36.0,9.0,"4,516",69%,7.7,3.844800094763435,410.0,590.0,"2,766",4.7,179.0,62.0,24.0,7.0,2.0,104.0,104.0,2.4,39.0,0.4526315789473684,47.0,26.0,163.0,68.0,38.0,2.0,242.0,55.0,2.0,17.0,00-0033077,2023,95.0,410.0,68.5%,QB,00-0033077,D.Prescott
7.0,Ryan Tannehill (FA),351.3,22.0,33.0,7.0,"3,819",65%,7.9,2.809869507137618,315.0,481.0,"2,385",5.0,153.0,44.0,18.0,13.0,8.0,68.0,106.0,2.5,24.0,0.2808988764044944,50.0,36.0,161.0,63.0,20.0,7.0,266,43.0,1.0,16.0,00-0029701,2020,89.0,315.0,0.0%,QB,00-0029701,R.Tannehill
8.0,Tom Brady (FA),350.0,21.9,40.0,12.0,"4,633",66%,7.6,2.3784161189506836,401.0,610.0,"3,037",5.0,177.0,63.0,27.0,12.0,1.0,84.0,103.0,2.4,21.0,0.2842105263157894,55.0,35.0,161.0,122.0,31.0,3.0,6,30.0,1.0,16.0,00-0019596,2020,95.0,401.0,4.7%,QB,00-0019596,T.Brady
2.0,Dak Prescott (DAL),348.9,21.8,30.0,11.0,"4,902",65%,8.2,0.9661917212522888,388.0,596.0,"3,151",5.3,194.0,68.0,27.0,16.0,5.0,61.0,101.0,2.6,23.0,0.2674418604651162,57.0,40.0,155.0,86.0,36.0,3.0,277,52.0,2.0,16.0,00-0033077,2019,86.0,388.0,68.5%,QB,00-0033077,D.Prescott
1.0,Russell Wilson (NYG),347.8,21.7,34.0,11.0,"3,983",61%,7.2,4.618858673986585,339.0,553.0,"2,593",4.7,150.0,58.0,19.0,12.0,6.0,35.0,95.0,2.6,43.0,0.3495934959349593,70.0,131.0,139.0,79.0,31.0,3.0,586.0,95.0,3.0,16.0,00-0029263,2017,123,339.0,2.5%,QB,00-0029263,R.Wilson
2.0,Matt Ryan (FA),347.5,21.7,38.0,7.0,"4,944",70%,9.3,7.142147557953231,373.0,534.0,"2,879",5.4,198.0,69.0,29.0,17.0,7.0,35.0,117.0,2.4,37.0,0.3461538461538461,67.0,53.0,168.0,62.0,21.0,0.0,117.0,35.0,2.0,16.0,00-0026143,2016,130,373.0,0.1%,QB,00-0026143,M.Ryan
5.0,Matthew Stafford (LAR),346.8,20.4,41.0,17.0,"4,886",67%,8.1,1.155701165329929,404.0,601.0,"2,987",5.0,174.0,65.0,28.0,18.0,10.0,112.0,105.0,2.4,30.0,0.3894736842105263,42.0,32.0,138.0,111.0,31.0,0.0,43.0,32.0,2.0,17.0,00-0026498,2021,95.0,404.0,17.7%,QB,00-0026498,M.Stafford
9.0,Justin Herbert (LAC),342.8,22.9,31.0,10.0,"4,336",67%,7.3,0.0118462176158616,396.0,595.0,"2,525",4.2,171.0,51.0,15.0,10.0,8.0,71.0,101.0,2.4,32.0,0.3168316831683168,54.0,91.0,169.0,105.0,23.0,5.0,234,55.0,1.0,15.0,00-0036355,2020,101.0,396.0,84.1%,QB,00-0036355,J.Herbert
3.0,Ben Roethlisberger (FA),342.0,21.4,34.0,16.0,"5,129",67%,7.6,1.6824527630978507,452.0,675.0,"2,577",3.8,190.0,61.0,24.0,16.0,7.0,51.0,97.0,2.3,24.0,0.3428571428571428,37.0,58.0,164.0,122.0,24.0,3.0,98.0,31.0,2.0,16.0,00-0022924,2018,70.0,452.0,0.2%,QB,00-0022924,B.Roethlisberger
10.0,Lamar Jackson (BAL),341.7,22.8,26.0,9.0,"2,757",64%,7.3,1.2822476568606624,242.0,376.0,"1,706",4.5,112.0,37.0,17.0,4.0,0.0,58.0,100.0,2.6,29.0,0.5522388059701493,18.0,50.0,104.0,64.0,20.0,7.0,"1,005",159.0,4.0,15.0,00-0034796,2020,67.0,242.0,99.8%,QB,00-0034796,L.Jackson
4.0,Lamar Jackson (BAL),338.2,21.1,24.0,7.0,"3,678",67%,8.0,3.1905671972180527,307.0,457.0,"2,141",4.7,150.0,51.0,21.0,9.0,5.0,61.0,102.0,2.7,37.0,0.5569620253164557,29.0,22.0,169.0,73.0,22.0,5.0,821.0,148.0,6.0,16.0,00-0034796,2023,79.0,307.0,99.8%,QB,00-0034796,L.Jackson
6.0,Aaron Rodgers (PIT),337.3,21.1,37.0,4.0,"4,115",69%,7.7,5.817567264667545,366.0,531.0,"2,157",4.1,163.0,55.0,23.0,10.0,5.0,110.0,113.0,2.3,30.0,0.4736842105263157,40.0,59.0,134.0,92.0,14.0,3.0,101.0,33.0,0.0,16.0,00-0023459,2021,38.0,366.0,4.6%,QB,00-0023459,A.Rodgers
6.0,Jared Goff (DET),336.5,19.8,37.0,12.0,"4,629",72%,8.6,4.975909313985278,390.0,539.0,"2,347",4.4,181.0,61.0,20.0,11.0,8.0,93.0,114.0,2.3,31.0,0.3548387096774194,57.0,34.0,143.0,69.0,11.0,0.0,56.0,35.0,0.0,17.0,00-0033106,2024,93.0,390.0,59.5%,QB,00-0033106,J.Goff
3.0,Jameis Winston (NYG),335.2,21.0,33.0,30.0,"5,109",61%,8.2,0.666849717300454,380.0,626.0,"3,375",5.4,218.0,75.0,31.0,13.0,5.0,69.0,87.0,2.5,47.0,0.4433962264150943,54.0,60.0,241.0,124.0,23.0,1.0,250,59.0,5.0,16.0,00-0031503,2019,106.0,380.0,0.4%,QB,00-0031503,J.Winston
4.0,Russell Wilson (NYG),333.5,20.8,31.0,5.0,"4,110",66%,8.0,7.102610701864427,341.0,516.0,"2,636",5.1,171.0,55.0,23.0,10.0,4.0,89.0,108.0,2.5,48.0,0.4122137404580153,57.0,71.0,221.0,91.0,17.0,3.0,342,75.0,2.0,16.0,00-0029263,2019,131.0,341.0,2.5%,QB,00-0029263,R.Wilson
5.0,Deshaun Watson (CLE),333.0,22.2,26.0,12.0,"3,852",67%,7.8,2.1156912075362375,333.0,495.0,"2,343",4.7,158.0,47.0,27.0,10.0,4.0,59.0,98.0,2.5,44.0,0.5288461538461539,39.0,47.0,167.0,80.0,21.0,7.0,413,82.0,3.0,15.0,,2019,104.0,333.0,0.3%,QB,00-0033537,D.Watson
3.0,Drew Brees (FA),332.3,20.8,37.0,15.0,"5,208",70%,7.7,4.19573146799149,471.0,673.0,"3,060",4.5,189.0,70.0,26.0,10.0,4.0,69.0,102.0,2.2,27.0,0.391304347826087,41.0,50.0,154.0,72.0,26.0,2.0,20.0,23.0,4.0,16.0,,2016,69,471.0,0.3%,QB,00-0020531,D.Brees
4.0,Deshaun Watson (CLE),331.9,20.7,26.0,9.0,"4,165",68%,8.2,3.325537481793655,345.0,505.0,"2,570",5.1,183.0,51.0,20.0,8.0,2.0,32.0,102.0,2.5,62.0,0.4887218045112781,59.0,77.0,163.0,84.0,17.0,5.0,551.0,99.0,3.0,16.0,,2018,133.0,345.0,0.3%,QB,00-0033537,D.Watson
7.0,Dak Prescott (DAL),330.4,20.7,37.0,10.0,"4,449",69%,7.5,1.5445676194043456,410.0,596.0,"2,638",4.4,184.0,55.0,20.0,7.0,1.0,97.0,105.0,2.4,30.0,0.3932584269662921,48.0,46.0,188.0,85.0,29.0,1.0,146.0,48.0,6.0,16.0,00-0033077,2021,89.0,410.0,68.5%,QB,00-0033077,D.Prescott
5.0,Jordan Love (GB),330.1,19.4,32.0,11.0,"4,159",64%,7.2,1.402390737323571,372.0,579.0,"2,534",4.4,162.0,55.0,27.0,7.0,4.0,93.0,98.0,2.5,30.0,0.3529411764705882,42.0,47.0,215.0,98.0,29.0,4.0,247.0,50.0,3.0,17.0,00-0036264,2023,85.0,372.0,45.6%,QB,00-0036264,J.Love
7.0,Bo Nix (DEN),329.1,19.4,29.0,12.0,"3,775",66%,6.7,0.3646358821383609,376.0,567.0,"2,169",3.8,133.0,51.0,22.0,6.0,3.0,68.0,93.0,2.5,24.0,0.4126984126984127,34.0,44.0,148.0,84.0,32.0,4.0,430.0,92.0,0.0,17.0,,2024,63.0,376.0,91.2%,QB,00-0039732,B.Nix
5.0,Andrew Luck (FA),328.1,20.5,39.0,15.0,"4,593",67%,7.2,0.1604801150916577,430.0,639.0,"2,849",4.5,180.0,53.0,16.0,7.0,4.0,38.0,101.0,2.3,18.0,0.2441860465116279,51.0,50.0,154.0,88.0,37.0,0.0,148.0,46.0,1.0,16.0,,2018,86.0,430.0,0.3%,QB,00-0029668,A.Luck
8.0,Joe Burrow (CIN),328.1,20.5,34.0,14.0,"4,611",70%,8.9,5.896984826477,366.0,520.0,"2,521",4.8,180.0,60.0,27.0,15.0,12.0,54.0,107.0,2.4,51.0,0.5263157894736842,49.0,46.0,125.0,54.0,23.0,2.0,118.0,40.0,2.0,16.0,00-0036442,2021,133.0,366.0,99.6%,QB,00-0036442,J.Burrow
9.0,Jalen Hurts (PHI),321.2,21.4,16.0,9.0,"3,144",61%,7.3,-0.6127516384673358,265.0,432.0,"1,912",4.4,130.0,44.0,12.0,5.0,2.0,54.0,87.0,2.6,26.0,0.4057971014492754,32.0,78.0,125.0,57.0,22.0,10.0,784.0,139.0,2.0,15.0,00-0036389,2021,69.0,265.0,99.7%,QB,00-0036389,J.Hurts
8.0,Jalen Hurts (PHI),320.0,21.3,18.0,5.0,"2,903",69%,8.1,7.749625416606232,248.0,361.0,"1,683",4.6,109.0,44.0,17.0,10.0,2.0,48.0,102.0,2.7,38.0,0.6710526315789473,23.0,29.0,126.0,45.0,6.0,14.0,630.0,150.0,5.0,15.0,00-0036389,2024,76.0,248.0,99.7%,QB,00-0036389,J.Hurts
9.0,Sam Darnold (SEA),319.8,18.8,35.0,12.0,"4,319",66%,7.9,3.2163541642982323,361.0,545.0,"2,819",5.2,165.0,62.0,19.0,10.0,4.0,93.0,103.0,2.6,48.0,0.5181818181818182,52.0,52.0,137.0,77.0,19.0,1.0,212.0,67.0,4.0,17.0,00-0034869,2024,110.0,361.0,6.1%,QB,00-0034869,S.Darnold
11.0,Kirk Cousins (ATL),319.2,20.0,35.0,13.0,"4,265",68%,8.3,4.584536340433296,349.0,516.0,"2,494",4.8,174.0,58.0,20.0,7.0,4.0,62.0,107.0,2.6,39.0,0.3362068965517241,65.0,55.0,181.0,67.0,18.0,1.0,156,32.0,5.0,16.0,00-0029604,2020,116.0,349.0,0.6%,QB,00-0029604,K.Cousins
5.0,Geno Smith (LV),314.9,18.5,30.0,11.0,"4,282",70%,7.5,5.916229688877126,399.0,572.0,"2,731",4.8,176.0,50.0,21.0,6.0,3.0,70.0,102.0,2.4,46.0,0.4298245614035088,64.0,37.0,171.0,64.0,19.0,1.0,366,68.0,4.0,17.0,00-0030565,2022,114.0,399.0,4.4%,QB,00-0030565,G.Smith
6.0,Aaron Rodgers (PIT),312.5,19.5,25.0,2.0,"4,442",62%,7.4,-0.5935521540434539,372.0,597.0,"2,489",4.2,169.0,55.0,25.0,16.0,9.0,35.0,98.0,2.5,49.0,0.5212765957446809,41.0,89.0,156.0,107.0,26.0,2.0,269.0,43.0,3.0,16.0,00-0023459,2018,94.0,372.0,4.6%,QB,00-0023459,A.Rodgers
10.0,Kyler Murray (ARI),310.5,22.2,24.0,10.0,"3,787",69%,7.8,2.8737195724188833,333.0,481.0,"2,290",4.7,146.0,49.0,23.0,9.0,2.0,72.0,103.0,2.4,31.0,0.6875,13.0,68.0,108.0,61.0,16.0,5.0,423.0,88.0,0.0,14.0,00-0035228,2021,48.0,333.0,87.5%,QB,00-0035228,K.Murray
7.0,Jared Goff (DET),310.3,19.4,32.0,12.0,"4,688",65%,8.4,0.0296086212838951,364.0,561.0,"2,793",5.0,200.0,69.0,24.0,9.0,4.0,54.0,101.0,2.6,33.0,0.4130434782608695,34.0,66.0,151.0,93.0,13.0,2.0,108.0,43.0,5.0,16.0,00-0033106,2018,92.0,364.0,59.5%,QB,00-0033106,J.Goff
10.0,Kyler Murray (ARI),308.4,18.1,21.0,11.0,"3,851",69%,7.1,2.1178644786869483,372.0,541.0,"2,145",4.0,155.0,43.0,12.0,3.0,1.0,66.0,95.0,2.4,30.0,0.5769230769230769,23.0,47.0,155.0,66.0,17.0,5.0,572.0,78.0,4.0,17.0,00-0035228,2024,52.0,372.0,87.5%,QB,00-0035228,K.Murray
4.0,Andrew Luck (FA),307.6,20.5,31.0,13.0,"4,240",63%,7.8,1.2222096351924048,346.0,545.0,"2,722",5.0,166.0,61.0,26.0,8.0,6.0,25.0,97.0,2.5,41.0,0.3534482758620689,75.0,92.0,185.0,78.0,34.0,2.0,341.0,64.0,5.0,15.0,,2016,116,346.0,0.3%,QB,00-0029668,A.Luck
11.0,Kirk Cousins (ATL),307.3,19.2,33.0,7.0,"4,221",66%,7.5,1.3502727035481557,372.0,561.0,"2,677",4.8,160.0,60.0,20.0,10.0,4.0,71.0,102.0,2.4,28.0,0.3111111111111111,65.0,70.0,169.0,92.0,22.0,1.0,115.0,29.0,2.0,16.0,00-0029604,2021,90.0,372.0,0.6%,QB,00-0029604,K.Cousins
6.0,Justin Fields (NYJ),307.0,20.5,17.0,11.0,"2,242",60%,7.1,-2.48065988714546,192.0,318.0,"1,367",4.3,89.0,32.0,13.0,7.0,4.0,32.0,83.0,2.7,55.0,0.6179775280898876,31.0,29.0,94.0,56.0,15.0,8.0,"1,143",160.0,2.0,15.0,00-0036945,2022,89.0,192.0,73.0%,QB,00-0036945,J.Fields
6.0,Brock Purdy (SF),306.6,19.2,31.0,11.0,"4,280",69%,9.6,3.947090139235804,308.0,444.0,"2,455",5.5,167.0,72.0,31.0,14.0,4.0,64.0,112.0,2.6,28.0,0.3555555555555555,42.0,28.0,142.0,70.0,9.0,2.0,144.0,39.0,2.0,16.0,,2023,90.0,308.0,87.5%,QB,00-0037834,B.Purdy
7.0,Kirk Cousins (ATL),305.6,18.0,29.0,14.0,"4,547",66%,7.1,2.024650981793047,424.0,643.0,"2,785",4.3,188.0,46.0,21.0,10.0,4.0,99.0,93.0,2.5,46.0,0.323943661971831,84.0,37.0,159.0,92.0,24.0,2.0,97,31.0,3.0,17.0,00-0029604,2022,142.0,424.0,0.6%,QB,00-0029604,K.Cousins
8.0,Drew Brees (FA),304.8,20.3,32.0,5.0,"3,992",74%,8.2,5.999808486959015,364.0,489.0,"2,382",4.9,148.0,58.0,19.0,6.0,2.0,61.0,112.0,2.4,17.0,0.3559322033898305,24.0,43.0,137.0,49.0,22.0,4.0,22.0,31.0,1.0,15.0,,2018,59.0,364.0,0.3%,QB,00-0020531,D.Brees
8.0,Trevor Lawrence (JAC),303.7,17.9,25.0,8.0,"4,113",66%,7.0,0.6126046734328542,387.0,584.0,"2,367",4.0,169.0,55.0,12.0,3.0,1.0,82.0,94.0,2.2,27.0,0.4133333333333333,39.0,45.0,159.0,85.0,39.0,5.0,291,62.0,9.0,17.0,00-0036971,2022,75.0,387.0,13.2%,QB,00-0036971,T.Lawrence
7.0,Jared Goff (DET),300.9,17.7,30.0,12.0,"4,575",67%,7.6,1.3491943040958512,407.0,605.0,"2,738",4.5,180.0,69.0,19.0,9.0,2.0,73.0,99.0,2.3,30.0,0.3189655172413793,69.0,42.0,212.0,87.0,35.0,2.0,21.0,32.0,4.0,17.0,00-0033106,2023,116.0,407.0,59.5%,QB,00-0033106,J.Goff
5.0,Kirk Cousins (ATL),300.3,18.8,25.0,12.0,"4,917",67%,8.1,4.974694333567815,406.0,606.0,"3,046",5.0,185.0,69.0,27.0,13.0,8.0,31.0,99.0,2.5,23.0,0.2875,54.0,75.0,152.0,91.0,23.0,4.0,96.0,34.0,3.0,16.0,00-0029604,2016,80,406.0,0.6%,QB,00-0029604,K.Cousins
2.0,Cam Newton (FA),299.5,18.7,22.0,16.0,"3,302",59%,6.7,-2.0877165461961917,291.0,492.0,"1,906",3.9,144.0,46.0,14.0,5.0,2.0,26.0,82.0,2.5,35.0,0.5131578947368421,34.0,63.0,142.0,90.0,20.0,6.0,754.0,139.0,1.0,16.0,00-0027939,2017,76,291.0,0.2%,QB,00-0027939,C.Newton
9.0,Russell Wilson (NYG),299.4,18.7,35.0,7.0,"3,448",66%,8.1,7.059012039344267,280.0,427.0,"2,220",5.2,128.0,47.0,22.0,13.0,5.0,35.0,109.0,2.5,51.0,0.5360824742268041,31.0,82.0,145.0,61.0,18.0,0.0,376.0,67.0,2.0,16.0,00-0029263,2018,97.0,280.0,2.5%,QB,00-0029263,R.Wilson
6.0,Josh Allen (BUF),297.5,18.6,20.0,9.0,"3,089",59%,6.7,-3.263194747076148,271.0,461.0,"1,902",4.1,125.0,47.0,12.0,7.0,2.0,50.0,86.0,2.4,38.0,0.4470588235294118,43.0,45.0,201.0,88.0,31.0,9.0,510,109.0,4.0,16.0,00-0034857,2019,85.0,271.0,99.8%,QB,00-0034857,J.Allen
7.0,Kyler Murray (ARI),297.3,18.6,20.0,12.0,"3,722",64%,6.9,-1.5165669659811944,349.0,542.0,"2,160",4.0,129.0,47.0,20.0,10.0,6.0,74.0,89.0,2.4,48.0,0.7272727272727273,16.0,63.0,151.0,92.0,17.0,4.0,544,93.0,2.0,16.0,00-0035228,2019,66.0,349.0,87.5%,QB,00-0035228,K.Murray
3.0,Tom Brady (FA),295.9,18.5,32.0,8.0,"4,577",66%,7.9,3.474831510257047,385.0,581.0,"2,871",4.9,189.0,62.0,20.0,10.0,4.0,36.0,103.0,2.5,35.0,0.375,44.0,64.0,143.0,99.0,30.0,0.0,28.0,25.0,3.0,16.0,00-0019596,2017,104,385.0,4.7%,QB,00-0019596,T.Brady
4.0,Alex Smith (FA),295.1,19.7,26.0,5.0,"4,042",68%,8.0,5.33192991697537,341.0,505.0,"2,259",4.5,155.0,52.0,29.0,13.0,9.0,31.0,106.0,2.4,35.0,0.4936708860759494,36.0,71.0,105.0,84.0,26.0,1.0,355.0,60.0,1.0,15.0,,2017,79,341.0,0.0%,QB,00-0023436,A.Smith
8.0,Patrick Mahomes II (KC),294.1,18.4,27.0,14.0,"4,183",67%,7.0,,401.0,597.0,"2,064",3.5,158.0,50.0,21.0,8.0,3.0,92.0,93.0,2.5,27.0,,65.0,60.0,133.0,75.0,39.0,0.0,389.0,75.0,3.0,16.0,,2023,,401.0,96.0%,QB,,
11.0,Patrick Mahomes II (KC),293.9,18.4,26.0,11.0,"3,928",67%,6.8,,392.0,581.0,"1,956",3.4,163.0,40.0,16.0,4.0,2.0,99.0,92.0,2.3,36.0,,70.0,46.0,140.0,87.0,26.0,2.0,307.0,58.0,0.0,16.0,,2024,,392.0,96.0%,QB,,
9.0,Daniel Jones (IND),293.9,18.4,15.0,5.0,"3,205",67%,6.8,1.4272528874921626,317.0,472.0,"1,819",3.9,133.0,27.0,10.0,5.0,3.0,41.0,95.0,2.5,44.0,0.4561403508771929,53.0,49.0,138.0,55.0,27.0,7.0,708,120.0,3.0,16.0,00-0035710,2022,114.0,317.0,0.7%,QB,00-0035710,D.Jones
12.0,Matt Ryan (FA),293.3,18.3,26.0,11.0,"4,581",65%,7.3,1.232825204804174,407.0,626.0,"3,036",4.8,191.0,58.0,16.0,8.0,3.0,80.0,92.0,2.6,41.0,0.3693693693693693,66.0,56.0,204.0,89.0,32.0,2.0,92,29.0,3.0,16.0,00-0026143,2020,111.0,407.0,0.1%,QB,00-0026143,M.Ryan
8.0,Patrick Mahomes II (KC),291.9,20.9,26.0,5.0,"4,031",66%,8.3,,319.0,484.0,"2,343",4.8,162.0,50.0,27.0,15.0,4.0,56.0,105.0,2.5,17.0,,34.0,54.0,108.0,85.0,25.0,2.0,218,43.0,2.0,14.0,,2019,,319.0,96.0%,QB,,
11.0,Jared Goff (DET),291.3,17.1,29.0,7.0,"4,438",65%,7.5,-1.484926882799835,382.0,587.0,"2,422",4.1,180.0,57.0,18.0,12.0,5.0,91.0,98.0,2.4,23.0,0.2948717948717949,54.0,41.0,179.0,92.0,34.0,0.0,73,29.0,4.0,17.0,00-0033106,2022,78.0,382.0,59.5%,QB,00-0033106,J.Goff
10.0,Justin Herbert (LAC),291.3,17.1,25.0,10.0,"4,739",68%,6.8,0.778771990928353,477.0,699.0,"2,677",3.8,197.0,49.0,18.0,7.0,4.0,98.0,95.0,2.5,38.0,0.3474576271186441,71.0,51.0,184.0,88.0,39.0,0.0,147,54.0,3.0,17.0,00-0036355,2022,118.0,477.0,84.1%,QB,00-0036355,J.Herbert
12.0,Justin Herbert (LAC),288.6,17.0,23.0,3.0,"3,870",66%,7.6,0.5450269499184848,332.0,504.0,"2,411",4.8,152.0,54.0,19.0,7.0,2.0,57.0,102.0,2.5,41.0,0.4017857142857143,62.0,20.0,156.0,67.0,32.0,2.0,306.0,69.0,2.0,17.0,00-0036355,2024,112.0,332.0,84.1%,QB,00-0036355,J.Herbert
6.0,Dak Prescott (DAL),287.1,17.9,23.0,4.0,"3,667",68%,8.0,4.303996931246631,311.0,459.0,"2,254",4.9,156.0,38.0,13.0,8.0,4.0,31.0,106.0,2.5,25.0,0.391304347826087,39.0,66.0,144.0,68.0,17.0,6.0,282.0,57.0,4.0,16.0,00-0033077,2016,69,311.0,68.5%,QB,00-0033077,D.Prescott
10.0,Dak Prescott (DAL),285.8,17.9,22.0,8.0,"3,885",68%,7.4,0.7077579919634288,356.0,526.0,"2,196",4.2,161.0,39.0,21.0,9.0,3.0,41.0,96.0,2.4,56.0,0.5087719298245614,49.0,73.0,168.0,89.0,22.0,6.0,305.0,75.0,6.0,16.0,00-0033077,2018,114.0,356.0,68.5%,QB,00-0033077,D.Prescott
11.0,Philip Rivers (FA),284.9,17.8,32.0,12.0,"4,308",68%,8.5,3.047063040815682,347.0,508.0,"2,431",4.8,185.0,60.0,18.0,10.0,4.0,39.0,106.0,2.4,32.0,0.3608247422680412,46.0,45.0,151.0,64.0,23.0,0.0,7.0,18.0,1.0,16.0,,2018,97.0,347.0,0.1%,QB,00-0022942,P.Rivers
9.0,Tua Tagovailoa (MIA),284.4,16.7,29.0,14.0,"4,624",69%,8.3,3.1497144914534903,388.0,560.0,"2,830",5.1,189.0,58.0,22.0,11.0,7.0,69.0,101.0,2.1,29.0,0.5081967213114754,27.0,39.0,116.0,78.0,24.0,0.0,74.0,35.0,5.0,17.0,00-0036212,2023,61.0,388.0,15.9%,QB,00-0036212,T.Tagovailoa
10.0,Baker Mayfield (TB),284.0,16.7,28.0,10.0,"4,044",64%,7.1,-0.2017796327063536,364.0,566.0,"2,384",4.2,145.0,60.0,22.0,12.0,5.0,60.0,95.0,2.4,40.0,0.5333333333333333,35.0,37.0,141.0,81.0,24.0,1.0,163.0,62.0,3.0,17.0,00-0034855,2023,90.0,364.0,93.6%,QB,00-0034855,B.Mayfield
12.0,Kirk Cousins (ATL),283.1,17.7,30.0,10.0,"4,298",70%,7.1,2.610618168035064,425.0,606.0,"2,561",4.2,173.0,47.0,16.0,7.0,2.0,41.0,100.0,2.5,40.0,0.4210526315789473,39.0,97.0,143.0,68.0,25.0,1.0,123.0,44.0,7.0,16.0,00-0029604,2018,95.0,425.0,0.6%,QB,00-0029604,K.Cousins
9.0,Carson Wentz (FA),282.9,17.7,27.0,7.0,"4,039",64%,6.7,-0.76741650824952,388.0,607.0,"2,533",4.2,160.0,52.0,15.0,6.0,2.0,69.0,94.0,2.5,37.0,0.3725490196078431,53.0,67.0,184.0,106.0,28.0,1.0,243,62.0,7.0,16.0,00-0032950,2019,102.0,388.0,0.0%,QB,00-0032950,C.Wentz
13.0,Cam Newton (FA),282.6,20.2,24.0,13.0,"3,395",68%,7.2,3.042696928400293,320.0,471.0,"1,912",4.1,144.0,44.0,10.0,3.0,2.0,34.0,95.0,2.3,29.0,0.4754098360655737,22.0,49.0,135.0,62.0,24.0,4.0,488.0,101.0,0.0,14.0,00-0027939,2018,61.0,320.0,0.2%,QB,00-0027939,C.Newton
12.0,Ryan Tannehill (FA),282.3,16.6,21.0,14.0,"3,734",67%,7.0,2.245726681985022,357.0,531.0,"2,195",4.1,169.0,35.0,10.0,7.0,3.0,79.0,92.0,2.3,47.0,0.4102564102564102,66.0,32.0,166.0,83.0,23.0,7.0,270.0,55.0,4.0,17.0,00-0029701,2021,117.0,357.0,0.0%,QB,00-0029701,R.Tannehill
10.0,Aaron Rodgers (PIT),282.0,17.6,26.0,4.0,"3,994",62%,7.0,1.72353637727662,353.0,569.0,"2,270",4.0,150.0,52.0,23.0,12.0,5.0,78.0,96.0,2.6,36.0,0.4456521739130434,45.0,57.0,154.0,114.0,24.0,1.0,183,46.0,4.0,16.0,00-0023459,2019,92.0,353.0,4.6%,QB,00-0023459,A.Rodgers
5.0,Carson Wentz (FA),281.7,21.7,33.0,7.0,"3,296",60%,7.5,0.4145835073442596,265.0,440.0,"2,194",5.0,144.0,40.0,15.0,9.0,7.0,33.0,102.0,2.5,28.0,0.3414634146341463,44.0,73.0,162.0,85.0,18.0,0.0,299.0,64.0,3.0,13.0,00-0032950,2017,82,265.0,0.0%,QB,00-0032950,C.Wentz
14.0,Tom Brady (FA),281.4,17.6,29.0,11.0,"4,355",66%,7.6,0.5395713549773189,375.0,570.0,"2,447",4.3,178.0,53.0,18.0,8.0,4.0,41.0,97.0,2.4,21.0,0.2972972972972973,39.0,48.0,108.0,103.0,25.0,2.0,35.0,23.0,2.0,16.0,00-0019596,2018,74.0,375.0,4.7%,QB,00-0019596,T.Brady
11.0,Matt Ryan (FA),281.4,18.8,26.0,14.0,"4,466",66%,7.3,1.8014334622076058,408.0,616.0,"2,940",4.8,192.0,47.0,16.0,5.0,4.0,81.0,93.0,2.6,48.0,0.375,62.0,54.0,199.0,86.0,17.0,1.0,147,34.0,5.0,15.0,00-0026143,2019,128.0,408.0,0.1%,QB,00-0026143,M.Ryan
11.0,C.J. Stroud (HOU),281.1,18.7,23.0,5.0,"4,108",64%,8.2,0.1019671559333801,319.0,499.0,"2,531",5.1,160.0,66.0,19.0,9.0,6.0,58.0,100.0,2.5,38.0,0.475,38.0,47.0,126.0,95.0,18.0,3.0,167.0,39.0,4.0,15.0,,2023,80.0,319.0,51.5%,QB,00-0039163,C.Stroud
13.0,Geno Smith (LV),281.1,16.5,21.0,15.0,"4,320",70%,7.5,5.639533668971652,407.0,578.0,"2,444",4.2,179.0,50.0,14.0,4.0,2.0,54.0,94.0,2.4,50.0,0.4672897196261682,57.0,36.0,138.0,58.0,20.0,2.0,272.0,53.0,0.0,17.0,00-0030565,2024,107.0,407.0,4.4%,QB,00-0030565,G.Smith
13.0,Derek Carr (FA),281.0,17.6,27.0,9.0,"4,103",67%,7.9,2.572800977773925,348.0,517.0,"2,326",4.5,154.0,54.0,21.0,12.0,5.0,78.0,101.0,2.6,26.0,0.4814814814814814,27.0,57.0,173.0,79.0,20.0,3.0,140,39.0,8.0,16.0,00-0031280,2020,54.0,348.0,0.8%,QB,00-0031280,D.Carr
12.0,Tom Brady (FA),280.5,16.5,25.0,9.0,"4,694",67%,6.4,-0.5665243816717191,490.0,733.0,"2,718",3.7,179.0,50.0,13.0,8.0,3.0,97.0,92.0,2.2,22.0,0.2926829268292683,55.0,23.0,130.0,116.0,33.0,1.0,-1,29.0,4.0,17.0,00-0019596,2022,82.0,490.0,4.7%,QB,00-0019596,T.Brady
7.0,Matthew Stafford (LAR),279.7,17.5,24.0,10.0,"4,327",65%,7.3,-0.4077744323248807,388.0,594.0,"2,321",3.9,167.0,52.0,22.0,10.0,6.0,42.0,95.0,2.2,37.0,0.4761904761904761,42.0,103.0,158.0,95.0,31.0,2.0,207.0,37.0,2.0,16.0,00-0026498,2016,84,388.0,17.7%,QB,00-0026498,M.Stafford
14.0,Brock Purdy (SF),279.0,18.6,20.0,12.0,"3,864",66%,8.5,2.062583592804995,300.0,455.0,"2,343",5.1,156.0,56.0,29.0,11.0,3.0,75.0,96.0,2.5,31.0,0.4626865671641791,38.0,32.0,142.0,62.0,19.0,5.0,323.0,66.0,3.0,15.0,,2024,67.0,300.0,87.5%,QB,00-0037834,B.Purdy
12.0,Sam Howell (MIN),278.6,16.4,21.0,21.0,"3,946",63%,6.4,-0.427237766630535,388.0,612.0,"2,284",3.7,157.0,44.0,18.0,4.0,1.0,60.0,75.0,2.4,65.0,0.5241935483870968,57.0,39.0,181.0,88.0,25.0,5.0,263.0,48.0,2.0,17.0,,2023,124.0,388.0,0.3%,QB,00-0037077,S.Howell
6.0,Kirk Cousins (ATL),277.6,17.4,27.0,13.0,"4,093",64%,7.6,0.8388055258252736,347.0,540.0,"2,179",4.0,168.0,59.0,28.0,9.0,4.0,30.0,95.0,2.5,41.0,0.4183673469387755,52.0,64.0,142.0,89.0,25.0,4.0,179.0,49.0,5.0,16.0,00-0029604,2017,98,347.0,0.6%,QB,00-0029604,K.Cousins
14.0,Ben Roethlisberger (FA),277.2,18.5,33.0,10.0,"3,803",66%,6.3,-0.527425154557215,399.0,608.0,"2,077",3.4,141.0,43.0,14.0,4.0,2.0,73.0,95.0,2.1,13.0,0.1911764705882352,45.0,43.0,175.0,91.0,39.0,0.0,11,25.0,1.0,15.0,00-0022924,2020,68.0,399.0,0.2%,QB,00-0022924,B.Roethlisberger
13.0,Trevor Lawrence (JAC),276.6,17.3,21.0,14.0,"4,016",66%,7.1,0.9032510841886164,370.0,564.0,"2,478",4.4,158.0,49.0,18.0,9.0,4.0,56.0,90.0,2.2,35.0,0.4545454545454545,42.0,39.0,158.0,104.0,24.0,4.0,339.0,70.0,7.0,16.0,00-0036971,2023,77.0,370.0,13.2%,QB,00-0036971,T.Lawrence
7.0,Matthew Stafford (LAR),273.8,17.1,29.0,10.0,"4,446",66%,7.9,0.6306496954390046,371.0,565.0,"2,562",4.5,182.0,61.0,27.0,16.0,6.0,31.0,102.0,2.4,47.0,0.5108695652173914,41.0,88.0,177.0,96.0,22.0,0.0,98.0,29.0,7.0,16.0,00-0026498,2017,92,371.0,17.7%,QB,00-0026498,M.Stafford
12.0,Tom Brady (FA),271.6,17.0,24.0,8.0,"4,057",61%,6.6,-2.5320673110039285,373.0,613.0,"2,435",4.0,163.0,60.0,19.0,6.0,3.0,91.0,89.0,2.6,27.0,0.2934782608695652,37.0,55.0,198.0,118.0,34.0,3.0,34,26.0,1.0,16.0,00-0019596,2019,92.0,373.0,4.7%,QB,00-0019596,T.Brady
15.0,Cam Newton (FA),271.3,18.1,8.0,10.0,"2,657",66%,7.2,-1.0236097683369283,242.0,368.0,"1,611",4.4,116.0,31.0,12.0,3.0,1.0,36.0,80.0,2.7,31.0,0.5081967213114754,30.0,47.0,178.0,72.0,14.0,12.0,592,137.0,1.0,15.0,00-0027939,2020,61.0,242.0,0.2%,QB,00-0027939,C.Newton
8.0,Blake Bortles (FA),271.1,16.9,23.0,16.0,"3,905",59%,6.2,-4.474981816731077,368.0,625.0,"2,259",3.6,165.0,43.0,15.0,4.0,2.0,32.0,78.0,2.3,34.0,0.4,51.0,70.0,192.0,116.0,36.0,3.0,359.0,58.0,6.0,16.0,,2016,85,368.0,0.0%,QB,00-0031407,B.Bortles
9.0,Tyrod Taylor (NYJ),270.9,18.1,17.0,6.0,"3,023",62%,6.9,2.217709227195851,269.0,436.0,"2,027",4.6,120.0,33.0,12.0,7.0,5.0,33.0,90.0,2.7,42.0,0.525,38.0,92.0,141.0,89.0,18.0,6.0,580.0,95.0,2.0,15.0,00-0028118,2016,80,269.0,0.2%,QB,00-0028118,T.Taylor
13.0,Derek Carr (FA),270.6,15.9,23.0,14.0,"4,804",68%,7.7,1.5717612550808764,428.0,626.0,"2,806",4.5,187.0,67.0,26.0,10.0,5.0,76.0,94.0,2.5,40.0,0.4673913043478261,48.0,63.0,166.0,93.0,26.0,0.0,108.0,40.0,5.0,17.0,00-0031280,2021,92.0,428.0,0.8%,QB,00-0031280,D.Carr
16.0,Matthew Stafford (LAR),270.5,16.9,26.0,10.0,"4,084",64%,7.7,-1.0241450924499338,339.0,528.0,"2,548",4.8,172.0,54.0,18.0,8.0,4.0,66.0,96.0,2.5,38.0,0.4935064935064935,37.0,47.0,179.0,94.0,33.0,0.0,112,29.0,1.0,16.0,00-0026498,2020,77.0,339.0,17.7%,QB,00-0026498,M.Stafford
8.0,Philip Rivers (FA),270.5,16.9,28.0,10.0,"4,515",63%,7.9,1.0183286745991178,360.0,575.0,"2,551",4.4,193.0,61.0,22.0,12.0,6.0,31.0,96.0,2.4,18.0,0.2368421052631578,50.0,89.0,166.0,99.0,29.0,0.0,-2.0,18.0,1.0,16.0,,2017,76,360.0,0.1%,QB,00-0022942,P.Rivers
10.0,Russell Wilson (NYG),270.1,16.9,21.0,11.0,"4,219",65%,7.7,4.918403341196509,353.0,546.0,"2,670",4.9,168.0,51.0,27.0,11.0,4.0,31.0,95.0,2.3,41.0,0.3821138211382114,64.0,107.0,164.0,92.0,22.0,1.0,259.0,72.0,2.0,16.0,00-0029263,2016,123,353.0,2.5%,QB,00-0029263,R.Wilson
11.0,Derek Carr (FA),268.7,17.9,28.0,6.0,"3,937",64%,7.0,-0.0306117275955398,357.0,560.0,"2,343",4.2,162.0,50.0,21.0,8.0,4.0,33.0,96.0,2.2,16.0,0.4571428571428571,18.0,70.0,136.0,85.0,46.0,0.0,70.0,39.0,3.0,15.0,00-0031280,2016,35,357.0,0.8%,QB,00-0031280,D.Carr
15.0,Aaron Rodgers (PIT),267.6,15.7,28.0,11.0,"3,897",63%,6.7,-2.5839792669449047,368.0,584.0,"2,041",3.5,166.0,51.0,13.0,7.0,3.0,83.0,92.0,2.3,40.0,0.4347826086956521,52.0,35.0,141.0,98.0,39.0,0.0,107.0,22.0,2.0,17.0,00-0023459,2024,92.0,368.0,4.6%,QB,00-0023459,A.Rodgers
14.0,Carson Wentz (FA),264.9,15.6,27.0,7.0,"3,563",62%,6.9,-2.120752626621498,322.0,516.0,"2,145",4.2,137.0,42.0,18.0,9.0,5.0,67.0,95.0,2.5,32.0,0.3047619047619048,72.0,46.0,156.0,93.0,25.0,1.0,215.0,57.0,5.0,17.0,00-0032950,2021,105.0,322.0,0.0%,QB,00-0032950,C.Wentz
14.0,Russell Wilson (NYG),264.9,17.7,26.0,8.0,"3,070",66%,6.9,4.853044374879592,297.0,447.0,"1,712",3.8,114.0,36.0,19.0,10.0,3.0,70.0,97.0,2.7,45.0,0.4205607476635514,48.0,42.0,144.0,55.0,17.0,3.0,341.0,80.0,5.0,15.0,00-0029263,2023,107.0,297.0,2.5%,QB,00-0029263,R.Wilson
13.0,Jared Goff (DET),263.5,16.5,22.0,16.0,"4,638",63%,7.4,-1.7886467781255468,394.0,626.0,"2,640",4.2,193.0,72.0,18.0,6.0,4.0,70.0,86.0,2.6,22.0,0.282051282051282,48.0,52.0,219.0,123.0,27.0,2.0,40,33.0,5.0,16.0,00-0033106,2019,78.0,394.0,59.5%,QB,00-0033106,J.Goff
15.0,Mitchell Trubisky (BUF),262.9,18.8,24.0,12.0,"3,223",67%,7.4,1.6731346636308595,289.0,434.0,"2,004",4.6,116.0,40.0,21.0,10.0,5.0,25.0,94.0,2.4,24.0,0.490566037735849,18.0,59.0,120.0,78.0,11.0,3.0,421.0,68.0,3.0,14.0,00-0033869,2018,53.0,289.0,0.1%,QB,00-0033869,M.Trubisky
9.0,Drew Brees (FA),262.4,16.4,23.0,8.0,"4,334",72%,8.1,4.532737092104103,386.0,536.0,"2,375",4.4,163.0,72.0,23.0,11.0,5.0,40.0,104.0,2.4,20.0,0.3538461538461538,36.0,63.0,118.0,64.0,15.0,2.0,12.0,33.0,0.0,16.0,,2017,65,386.0,0.3%,QB,00-0020531,D.Brees
10.0,Dak Prescott (DAL),260.7,16.3,22.0,13.0,"3,324",63%,6.8,-0.2409883647291463,308.0,490.0,"2,066",4.2,123.0,34.0,19.0,8.0,6.0,36.0,89.0,2.5,32.0,0.3950617283950617,44.0,67.0,131.0,81.0,23.0,6.0,357.0,57.0,3.0,16.0,00-0033077,2017,81,308.0,68.5%,QB,00-0033077,D.Prescott
12.0,Andy Dalton (CAR),260.6,16.3,18.0,8.0,"4,206",65%,7.5,2.812222765270628,364.0,563.0,"2,525",4.5,163.0,53.0,17.0,13.0,6.0,27.0,94.0,2.2,41.0,0.5857142857142857,29.0,75.0,174.0,77.0,26.0,4.0,184.0,46.0,3.0,16.0,00-0027973,2016,70,364.0,0.1%,QB,00-0027973,A.Dalton
11.0,Ben Roethlisberger (FA),260.6,17.4,28.0,14.0,"4,251",64%,7.6,2.7733105382172547,360.0,561.0,"2,362",4.2,172.0,52.0,26.0,14.0,6.0,38.0,95.0,2.4,21.0,0.3382352941176471,31.0,62.0,132.0,101.0,23.0,0.0,47.0,28.0,1.0,15.0,00-0022924,2017,68,360.0,0.2%,QB,00-0022924,B.Roethlisberger
16.0,Caleb Williams (CHI),260.5,15.3,20.0,6.0,"3,541",62%,6.3,-0.1021650616236561,351.0,562.0,"1,980",3.5,145.0,40.0,15.0,6.0,0.0,72.0,88.0,2.4,70.0,0.6296296296296297,40.0,52.0,174.0,110.0,20.0,0.0,489.0,81.0,5.0,17.0,,2024,108.0,351.0,78.8%,QB,00-0039918,C.Williams
14.0,Jimmy Garoppolo (LAR),260.2,16.3,27.0,13.0,"3,978",69%,8.4,1.8058367901378112,329.0,476.0,"2,077",4.4,156.0,61.0,25.0,8.0,3.0,73.0,103.0,2.4,36.0,0.4761904761904761,32.0,41.0,201.0,64.0,28.0,1.0,62,46.0,5.0,16.0,00-0031345,2019,84.0,329.0,0.2%,QB,00-0031345,J.Garoppolo
13.0,Marcus Mariota (WAS),259.9,17.3,26.0,9.0,"3,426",61%,7.6,1.374886464964023,276.0,451.0,"2,279",5.1,142.0,50.0,19.0,7.0,1.0,31.0,96.0,2.4,23.0,0.5348837209302325,21.0,62.0,125.0,76.0,17.0,2.0,349.0,60.0,5.0,15.0,00-0032268,2016,43,276.0,0.2%,QB,00-0032268,M.Mariota
14.0,Philip Rivers (FA),258.8,16.2,33.0,21.0,"4,386",60%,7.6,0.2147786982119106,349.0,578.0,"2,485",4.3,180.0,57.0,24.0,16.0,8.0,36.0,90.0,2.4,36.0,0.3673469387755102,61.0,86.0,152.0,92.0,27.0,0.0,35.0,14.0,5.0,16.0,,2016,98,349.0,0.1%,QB,00-0022942,P.Rivers
15.0,Tom Brady (FA),258.4,21.5,28.0,2.0,"3,554",67%,8.2,3.4942699041105807,291.0,432.0,"1,996",4.6,127.0,45.0,26.0,8.0,7.0,32.0,113.0,2.3,15.0,0.3287671232876712,39.0,52.0,104.0,71.0,19.0,0.0,64.0,28.0,0.0,12.0,00-0019596,2016,73,291.0,4.7%,QB,00-0019596,T.Brady
17.0,Baker Mayfield (TB),256.8,16.1,26.0,8.0,"3,563",63%,7.3,1.99452680097661,305.0,486.0,"2,344",4.8,160.0,43.0,13.0,5.0,1.0,71.0,95.0,2.7,26.0,0.5,26.0,49.0,179.0,85.0,21.0,1.0,165,54.0,4.0,16.0,00-0034855,2020,54.0,305.0,93.6%,QB,00-0034855,B.Mayfield
16.0,Jameis Winston (NYG),256.2,16.0,28.0,18.0,"4,090",61%,7.2,1.6573139040597893,345.0,567.0,"2,816",5.0,195.0,43.0,14.0,4.0,0.0,38.0,88.0,2.5,35.0,0.324074074074074,71.0,83.0,178.0,115.0,20.0,1.0,165.0,53.0,6.0,16.0,00-0031503,2016,108,345.0,0.4%,QB,00-0031503,J.Winston
15.0,Philip Rivers (FA),255.5,16.0,23.0,20.0,"4,615",66%,7.8,3.715050784176164,390.0,591.0,"2,732",4.6,199.0,57.0,23.0,12.0,5.0,79.0,92.0,2.5,34.0,0.3655913978494624,56.0,40.0,114.0,88.0,25.0,0.0,29,12.0,3.0,16.0,,2019,93.0,390.0,0.1%,QB,00-0022942,P.Rivers
12.0,Jared Goff (DET),255.3,17.0,28.0,7.0,"3,804",62%,8.0,-1.6848561161918802,296.0,477.0,"1,986",4.2,146.0,54.0,23.0,12.0,8.0,48.0,102.0,2.6,25.0,0.3733333333333333,42.0,64.0,135.0,103.0,17.0,1.0,51.0,28.0,3.0,15.0,00-0033106,2017,75,296.0,59.5%,QB,00-0033106,J.Goff
16.0,Ryan Fitzpatrick (FA),254.7,17.0,20.0,13.0,"3,529",62%,7.0,-0.5458322336659261,311.0,502.0,"2,436",4.9,163.0,43.0,12.0,6.0,2.0,67.0,86.0,2.3,40.0,0.3508771929824561,66.0,48.0,192.0,87.0,28.0,4.0,243,54.0,2.0,15.0,00-0023682,2019,114.0,311.0,0.0%,QB,00-0023682,R.Fitzpatrick
17.0,Cam Newton (FA),254.3,17.0,19.0,14.0,"3,509",53%,6.9,-5.511585548520088,270.0,510.0,"2,296",4.5,155.0,42.0,14.0,8.0,5.0,33.0,76.0,2.4,36.0,0.4,53.0,65.0,208.0,89.0,34.0,5.0,359.0,90.0,2.0,15.0,00-0027939,2016,90,270.0,0.2%,QB,00-0027939,C.Newton
15.0,Matthew Stafford (LAR),254.3,17.0,24.0,11.0,"3,965",62%,7.6,-1.9457726825613264,326.0,521.0,"2,305",4.4,154.0,62.0,28.0,8.0,3.0,78.0,93.0,2.5,30.0,0.3720930232558139,43.0,27.0,172.0,95.0,33.0,0.0,65.0,21.0,0.0,15.0,00-0026498,2023,86.0,326.0,17.7%,QB,00-0026498,M.Stafford
18.0,Jared Goff (DET),253.0,16.9,20.0,13.0,"3,952",67%,7.2,0.909711030329883,370.0,552.0,"2,028",3.7,152.0,47.0,20.0,6.0,2.0,53.0,92.0,2.5,23.0,0.3333333333333333,52.0,42.0,185.0,85.0,26.0,4.0,99,51.0,4.0,15.0,00-0033106,2020,87.0,370.0,59.5%,QB,00-0033106,J.Goff
15.0,Lamar Jackson (BAL),253.0,21.1,16.0,13.0,"2,882",64%,7.5,0.6794994812448689,246.0,382.0,"1,828",4.8,112.0,41.0,13.0,5.0,0.0,47.0,85.0,2.5,38.0,0.5671641791044776,28.0,39.0,152.0,72.0,19.0,2.0,767.0,134.0,3.0,12.0,00-0034796,2021,67.0,246.0,99.8%,QB,00-0034796,L.Jackson
17.0,Derek Carr (FA),252.5,15.8,21.0,8.0,"4,054",70%,7.9,5.6901541296508835,361.0,513.0,"2,069",4.0,162.0,54.0,19.0,10.0,3.0,72.0,100.0,2.6,29.0,0.5918367346938775,17.0,67.0,107.0,53.0,25.0,2.0,82,27.0,3.0,16.0,00-0031280,2019,49.0,361.0,0.8%,QB,00-0031280,D.Carr
18.0,Ben Roethlisberger (FA),252.3,18.0,29.0,13.0,"3,819",64%,7.5,2.021719704071679,328.0,509.0,"2,303",4.5,150.0,59.0,23.0,8.0,2.0,29.0,95.0,2.4,17.0,0.3725490196078431,32.0,48.0,88.0,72.0,29.0,1.0,14.0,16.0,2.0,14.0,00-0022924,2016,51,328.0,0.2%,QB,00-0022924,B.Roethlisberger
19.0,Teddy Bridgewater (FA),252.1,16.8,15.0,11.0,"3,733",69%,7.6,4.0386474081702275,340.0,492.0,"2,080",4.2,149.0,49.0,19.0,8.0,3.0,53.0,91.0,2.4,31.0,0.4492753623188406,34.0,42.0,155.0,62.0,21.0,5.0,279,53.0,3.0,15.0,00-0031237,2020,69.0,340.0,0.0%,QB,00-0031237,T.Bridgewater
13.0,Aaron Rodgers (PIT),251.3,14.8,26.0,12.0,"3,695",65%,6.8,0.5470411479473114,350.0,542.0,"2,120",3.9,137.0,53.0,15.0,6.0,2.0,76.0,94.0,2.4,32.0,0.4571428571428571,39.0,37.0,135.0,77.0,38.0,1.0,94,34.0,4.0,17.0,00-0023459,2022,70.0,350.0,4.6%,QB,00-0023459,A.Rodgers
20.0,Philip Rivers (FA),251.0,15.7,24.0,11.0,"4,169",68%,7.7,0.3264651016185212,369.0,543.0,"2,292",4.2,185.0,56.0,15.0,8.0,2.0,73.0,98.0,2.4,19.0,0.3275862068965517,33.0,38.0,124.0,84.0,17.0,0.0,-8,18.0,1.0,16.0,,2020,58.0,369.0,0.1%,QB,00-0022942,P.Rivers
18.0,Kirk Cousins (ATL),250.4,16.7,26.0,6.0,"3,603",69%,8.1,3.766363248879612,307.0,444.0,"2,019",4.5,138.0,52.0,24.0,11.0,6.0,51.0,108.0,2.7,28.0,0.4675324675324675,30.0,48.0,107.0,65.0,17.0,1.0,63,31.0,3.0,15.0,00-0029604,2019,77.0,307.0,0.6%,QB,00-0029604,K.Cousins
19.0,Baker Mayfield (TB),250.3,15.6,22.0,21.0,"3,827",59%,7.2,-2.955220352139391,317.0,534.0,"2,240",4.2,155.0,57.0,22.0,9.0,4.0,74.0,77.0,2.3,40.0,0.6060606060606061,24.0,65.0,211.0,93.0,30.0,3.0,141,28.0,2.0,16.0,00-0034855,2019,66.0,317.0,93.6%,QB,00-0034855,B.Mayfield
13.0,Blake Bortles (FA),249.7,15.6,21.0,13.0,"3,687",60%,7.0,-3.151810711762244,315.0,523.0,"1,922",3.7,156.0,41.0,15.0,7.0,4.0,29.0,86.0,2.4,24.0,0.3152173913043478,47.0,103.0,173.0,93.0,32.0,2.0,322.0,57.0,3.0,16.0,,2017,92,315.0,0.0%,QB,00-0031407,B.Bortles
16.0,Derek Carr (FA),249.1,14.7,25.0,8.0,"3,878",68%,7.1,3.032757888902445,375.0,548.0,"2,446",4.5,140.0,47.0,20.0,10.0,4.0,68.0,100.0,2.3,31.0,0.4428571428571428,35.0,24.0,172.0,80.0,20.0,0.0,40.0,32.0,3.0,17.0,00-0031280,2023,70.0,375.0,0.8%,QB,00-0031280,D.Carr
16.0,Russell Wilson (NYG),248.7,17.8,25.0,6.0,"3,113",65%,7.8,3.1963339471137493,259.0,400.0,"1,927",4.8,113.0,45.0,19.0,10.0,7.0,45.0,104.0,2.4,33.0,0.4177215189873418,41.0,49.0,113.0,72.0,16.0,2.0,183.0,43.0,1.0,14.0,00-0029263,2021,79.0,259.0,2.5%,QB,00-0029263,R.Wilson
17.0,Jordan Love (GB),244.9,16.3,25.0,11.0,"3,389",63%,8.0,0.1709392545996513,268.0,425.0,"1,970",4.6,128.0,48.0,20.0,12.0,6.0,72.0,97.0,2.4,14.0,0.2352941176470588,49.0,37.0,142.0,75.0,30.0,1.0,83.0,25.0,0.0,15.0,00-0036264,2024,68.0,268.0,45.6%,QB,00-0036264,J.Love
14.0,Lamar Jackson (BAL),243.1,20.3,17.0,7.0,"2,242",62%,6.9,-0.6173720734019189,203.0,326.0,"1,398",4.3,94.0,24.0,8.0,4.0,3.0,56.0,89.0,2.6,26.0,0.65,15.0,33.0,125.0,54.0,26.0,3.0,764,112.0,2.0,12.0,00-0034796,2022,40.0,203.0,99.8%,QB,00-0034796,L.Jackson
19.0,Carson Palmer (FA),243.1,16.2,26.0,14.0,"4,233",61%,7.1,0.3937852048711953,364.0,597.0,"2,678",4.5,185.0,48.0,13.0,6.0,3.0,42.0,89.0,2.3,40.0,0.3361344537815126,79.0,73.0,193.0,102.0,26.0,0.0,38.0,14.0,4.0,15.0,,2016,119,364.0,0.1%,QB,00-0021429,C.Palmer
20.0,Joe Flacco (CLE),242.5,15.2,20.0,15.0,"4,317",65%,6.4,-0.1875735660816751,436.0,672.0,"2,418",3.6,163.0,40.0,18.0,11.0,7.0,28.0,84.0,2.4,33.0,0.4342105263157895,45.0,93.0,196.0,110.0,38.0,2.0,58.0,21.0,3.0,16.0,,2016,76,436.0,0.5%,QB,00-0026158,J.Flacco
17.0,Justin Herbert (LAC),241.2,18.6,20.0,7.0,"3,134",65%,6.9,-0.3111262051031074,297.0,456.0,"1,836",4.0,119.0,42.0,12.0,4.0,3.0,63.0,89.0,2.4,29.0,0.3866666666666666,42.0,36.0,158.0,71.0,22.0,3.0,228.0,52.0,1.0,13.0,00-0036355,2023,75.0,297.0,84.1%,QB,00-0036355,J.Herbert
16.0,Eli Manning (FA),240.0,15.0,21.0,11.0,"4,299",66%,7.5,0.4644746187502757,380.0,576.0,"2,424",4.2,175.0,57.0,25.0,10.0,7.0,36.0,96.0,2.4,47.0,0.4947368421052631,41.0,64.0,122.0,94.0,24.0,1.0,20.0,15.0,4.0,16.0,,2018,95.0,380.0,0.6%,QB,00-0022803,E.Manning
17.0,Baker Mayfield (TB),240.0,17.1,27.0,14.0,"3,725",64%,7.7,1.3214102583163805,310.0,486.0,"2,239",4.6,139.0,52.0,15.0,9.0,5.0,33.0,98.0,2.3,25.0,0.5319148936170213,18.0,84.0,169.0,81.0,31.0,0.0,131.0,39.0,3.0,14.0,00-0034855,2018,47.0,310.0,93.6%,QB,00-0034855,B.Mayfield
17.0,Jimmy Garoppolo (LAR),239.5,16.0,20.0,12.0,"3,810",68%,8.8,0.5945173103407124,301.0,441.0,"2,030",4.6,154.0,55.0,20.0,9.0,5.0,55.0,101.0,2.4,29.0,0.4125,36.0,24.0,100.0,56.0,23.0,3.0,51.0,38.0,3.0,15.0,00-0031345,2021,80.0,301.0,0.2%,QB,00-0031345,J.Garoppolo
18.0,Justin Fields (NYJ),239.1,18.4,16.0,9.0,"2,562",61%,6.9,0.7927931911122504,227.0,370.0,"1,472",4.0,95.0,45.0,16.0,4.0,3.0,47.0,84.0,2.8,44.0,0.5432098765432098,33.0,44.0,143.0,58.0,13.0,4.0,657.0,124.0,4.0,13.0,00-0036945,2023,81.0,227.0,73.0%,QB,00-0036945,J.Fields
15.0,Tua Tagovailoa (MIA),239.0,18.4,25.0,8.0,"3,548",65%,8.9,1.432570229821135,259.0,400.0,"2,356",5.9,143.0,50.0,19.0,12.0,7.0,46.0,103.0,2.3,21.0,0.5,27.0,41.0,86.0,60.0,25.0,0.0,70,24.0,1.0,13.0,00-0036212,2022,42.0,259.0,15.9%,QB,00-0036212,T.Tagovailoa
14.0,Case Keenum (CHI),238.1,15.9,22.0,7.0,"3,547",68%,7.4,2.731994009591673,325.0,481.0,"1,958",4.1,140.0,45.0,18.0,8.0,4.0,26.0,99.0,2.6,22.0,0.2659574468085106,45.0,95.0,166.0,63.0,18.0,1.0,160.0,40.0,1.0,15.0,00-0028986,2017,94,325.0,0.1%,QB,00-0028986,C.Keenum
18.0,Mac Jones (SF),238.0,14.0,22.0,13.0,"3,801",68%,7.3,2.5354269332501396,352.0,521.0,"2,239",4.3,152.0,52.0,13.0,6.0,1.0,71.0,94.0,2.4,28.0,0.382716049382716,47.0,29.0,181.0,88.0,16.0,0.0,129.0,44.0,3.0,17.0,00-0029293,2021,81.0,352.0,0.2%,QB,00-0036972,M.Jones
19.0,Taylor Heinicke (LAC),237.7,14.9,20.0,15.0,"3,419",65%,6.9,0.2986248644689757,321.0,494.0,"1,911",3.9,146.0,40.0,16.0,6.0,2.0,48.0,86.0,2.6,38.0,0.4367816091954023,45.0,56.0,145.0,80.0,19.0,1.0,313.0,60.0,2.0,16.0,00-0031800,2021,87.0,321.0,0.1%,QB,00-0031800,T.Heinicke
16.0,Russell Wilson (NYG),237.0,15.8,16.0,11.0,"3,524",61%,7.3,-1.1704484370048838,292.0,483.0,"2,074",4.3,127.0,54.0,26.0,11.0,8.0,45.0,86.0,2.5,55.0,0.4583333333333333,64.0,43.0,140.0,72.0,27.0,3.0,277,55.0,2.0,15.0,00-0029263,2022,120.0,292.0,2.5%,QB,00-0029263,R.Wilson
19.0,Geno Smith (LV),236.4,15.8,20.0,9.0,"3,624",65%,7.3,2.4441359943504977,323.0,499.0,"2,167",4.3,142.0,46.0,21.0,5.0,4.0,67.0,91.0,2.4,31.0,0.3974358974358974,46.0,63.0,145.0,69.0,24.0,1.0,155.0,37.0,3.0,15.0,00-0030565,2023,78.0,323.0,4.4%,QB,00-0030565,G.Smith
20.0,Gardner Minshew II (KC),235.3,16.8,21.0,6.0,"3,271",61%,7.0,,285.0,470.0,"1,850",3.9,130.0,43.0,20.0,6.0,3.0,58.0,91.0,2.5,33.0,,29.0,55.0,147.0,84.0,24.0,0.0,344,67.0,7.0,14.0,,2019,,285.0,0.2%,QB,,
20.0,Matt Ryan (FA),234.8,13.8,20.0,12.0,"3,968",67%,7.1,1.7592363416928607,375.0,560.0,"2,457",4.4,156.0,44.0,15.0,7.0,2.0,83.0,88.0,2.4,40.0,0.3125,85.0,48.0,166.0,79.0,21.0,1.0,82.0,40.0,4.0,17.0,00-0026143,2021,128.0,375.0,0.1%,QB,00-0026143,M.Ryan
17.0,Derek Carr (FA),233.0,15.5,24.0,14.0,"3,522",61%,7.0,-2.8706469951064975,305.0,502.0,"2,192",4.4,140.0,47.0,22.0,8.0,2.0,57.0,84.0,2.6,27.0,0.3857142857142857,43.0,33.0,120.0,95.0,25.0,0.0,102,24.0,0.0,15.0,00-0031280,2022,70.0,305.0,0.8%,QB,00-0031280,D.Carr
18.0,C.J. Stroud (HOU),232.4,13.7,20.0,12.0,"3,727",63%,7.0,-1.2144490500326084,336.0,532.0,"2,344",4.4,160.0,42.0,18.0,6.0,4.0,59.0,88.0,2.5,52.0,0.4921875,56.0,66.0,154.0,95.0,26.0,0.0,233.0,52.0,4.0,17.0,,2024,128.0,336.0,51.5%,QB,00-0039163,C.Stroud
21.0,Ryan Tannehill (FA),230.2,19.2,22.0,6.0,"2,742",70%,9.6,6.361812406194683,201.0,286.0,"1,587",5.5,110.0,41.0,16.0,9.0,5.0,37.0,109.0,2.7,31.0,0.5217391304347826,24.0,25.0,104.0,35.0,9.0,4.0,185,43.0,3.0,12.0,00-0029701,2019,69.0,201.0,0.0%,QB,00-0029701,R.Tannehill
22.0,Drew Brees (FA),228.8,20.8,27.0,4.0,"2,979",74%,7.9,6.196603982214368,281.0,378.0,"1,713",4.5,120.0,37.0,14.0,7.0,1.0,56.0,110.0,2.4,12.0,0.375,17.0,25.0,114.0,39.0,13.0,1.0,-4,9.0,0.0,11.0,,2019,40.0,281.0,0.3%,QB,00-0020531,D.Brees
15.0,Matt Ryan (FA),228.1,14.3,20.0,12.0,"4,095",65%,7.7,2.8180840375501375,342.0,529.0,"2,370",4.5,179.0,54.0,14.0,8.0,2.0,28.0,92.0,2.4,24.0,0.2884615384615384,56.0,69.0,168.0,79.0,35.0,0.0,143.0,32.0,3.0,16.0,00-0026143,2017,104,342.0,0.1%,QB,00-0026143,M.Ryan
21.0,Ben Roethlisberger (FA),228.0,14.3,22.0,10.0,"3,740",64%,6.2,-2.255970949772746,390.0,605.0,"2,033",3.4,144.0,39.0,16.0,9.0,4.0,87.0,89.0,2.2,38.0,0.5063291139240507,39.0,45.0,144.0,109.0,30.0,1.0,5.0,20.0,5.0,16.0,00-0022924,2021,79.0,390.0,0.2%,QB,00-0022924,B.Roethlisberger
23.0,Daniel Jones (IND),226.9,17.5,24.0,12.0,"3,027",62%,6.6,-1.9408105670472344,284.0,459.0,"1,824",4.0,111.0,39.0,18.0,7.0,5.0,59.0,86.0,2.6,38.0,0.3584905660377358,66.0,48.0,131.0,80.0,17.0,2.0,279,45.0,11.0,13.0,00-0035710,2019,106.0,284.0,0.7%,QB,00-0035710,D.Jones
21.0,Alex Smith (FA),224.9,15.0,15.0,8.0,"3,502",67%,7.2,1.7420988471712917,328.0,489.0,"1,813",3.7,145.0,39.0,17.0,8.0,1.0,26.0,93.0,2.1,28.0,0.4603174603174603,30.0,43.0,113.0,73.0,34.0,5.0,134.0,48.0,4.0,15.0,,2016,63,328.0,0.0%,QB,00-0023436,A.Smith
22.0,Eli Manning (FA),224.1,14.0,26.0,16.0,"4,027",63%,6.7,-2.0655237638076316,377.0,598.0,"2,243",3.8,159.0,46.0,21.0,11.0,4.0,32.0,88.0,2.3,21.0,0.3432835820895522,43.0,56.0,119.0,93.0,40.0,0.0,-9.0,21.0,4.0,16.0,,2016,67,377.0,0.6%,QB,00-0022803,E.Manning
24.0,Jacoby Brissett (ARI),223.7,14.9,18.0,6.0,"2,942",61%,6.6,-3.263569078496025,272.0,447.0,"1,609",3.6,122.0,32.0,11.0,3.0,1.0,58.0,88.0,2.6,27.0,0.3292682926829268,54.0,56.0,135.0,78.0,24.0,4.0,228,56.0,5.0,15.0,00-0033119,2019,82.0,272.0,0.1%,QB,00-0033119,J.Brissett
19.0,Matthew Stafford (LAR),222.6,13.9,20.0,8.0,"3,762",66%,7.3,-0.835492637073778,340.0,517.0,"2,223",4.3,145.0,45.0,12.0,6.0,4.0,71.0,94.0,2.4,28.0,0.3431372549019608,63.0,31.0,144.0,88.0,15.0,0.0,41.0,30.0,2.0,16.0,00-0026498,2024,102.0,340.0,17.7%,QB,00-0026498,M.Stafford
16.0,Tyrod Taylor (NYJ),222.6,14.8,14.0,4.0,"2,799",63%,6.7,0.1506917128627022,263.0,420.0,"1,748",4.2,107.0,36.0,14.0,4.0,0.0,38.0,87.0,2.6,46.0,0.5333333333333333,37.0,84.0,129.0,83.0,19.0,4.0,427.0,84.0,2.0,15.0,00-0028118,2017,90,263.0,0.2%,QB,00-0028118,T.Taylor
23.0,Sam Bradford (FA),221.9,14.8,20.0,5.0,"3,877",72%,7.0,4.522213225807648,395.0,552.0,"2,113",3.8,140.0,49.0,17.0,8.0,1.0,32.0,100.0,2.3,37.0,0.3775510204081632,60.0,55.0,140.0,68.0,19.0,0.0,53.0,20.0,5.0,15.0,,2016,98,395.0,0.0%,QB,00-0027854,S.Bradford
25.0,Andy Dalton (CAR),217.5,16.7,16.0,14.0,"3,494",59%,6.6,-3.271983714685552,314.0,528.0,"2,034",3.9,144.0,41.0,15.0,6.0,3.0,73.0,77.0,2.3,37.0,0.5873015873015873,24.0,36.0,188.0,92.0,27.0,4.0,73,32.0,4.0,13.0,00-0027973,2019,63.0,314.0,0.1%,QB,00-0027973,A.Dalton
18.0,Derek Carr (FA),216.8,13.6,19.0,10.0,"4,049",69%,7.3,3.797293906513829,381.0,553.0,"2,238",4.0,154.0,52.0,20.0,7.0,2.0,32.0,94.0,2.3,51.0,0.5862068965517241,28.0,69.0,141.0,66.0,33.0,1.0,47.0,24.0,7.0,16.0,00-0031280,2018,87.0,381.0,0.8%,QB,00-0031280,D.Carr
22.0,Trevor Lawrence (JAC),216.0,12.7,12.0,17.0,"3,641",60%,6.0,-4.800080550311981,359.0,602.0,"2,240",3.7,144.0,43.0,8.0,5.0,2.0,56.0,73.0,2.4,32.0,0.3809523809523809,51.0,68.0,146.0,118.0,33.0,2.0,334.0,73.0,5.0,17.0,00-0036971,2021,84.0,359.0,13.2%,QB,00-0036971,T.Lawrence
21.0,Drew Brees (FA),215.4,18.0,24.0,6.0,"2,942",71%,7.5,0.4273537869973695,275.0,390.0,"1,677",4.3,116.0,31.0,10.0,8.0,2.0,62.0,106.0,2.4,13.0,0.2407407407407407,32.0,15.0,92.0,50.0,21.0,2.0,-2,18.0,2.0,12.0,,2020,54.0,275.0,0.3%,QB,00-0020531,D.Brees
19.0,Case Keenum (CHI),215.0,13.4,18.0,15.0,"3,890",62%,6.6,-1.252011098365338,365.0,586.0,"2,293",3.9,154.0,52.0,21.0,11.0,1.0,32.0,82.0,2.3,34.0,0.3736263736263736,51.0,77.0,180.0,95.0,34.0,2.0,93.0,26.0,2.0,16.0,00-0028986,2018,91.0,365.0,0.1%,QB,00-0028986,C.Keenum
24.0,Carson Wentz (FA),214.0,13.4,16.0,14.0,"3,782",62%,6.2,-0.8624382416407256,379.0,607.0,"2,285",3.8,155.0,39.0,11.0,6.0,3.0,36.0,80.0,2.4,33.0,0.34375,63.0,64.0,159.0,97.0,40.0,2.0,150.0,46.0,3.0,16.0,00-0032950,2016,96,379.0,0.0%,QB,00-0032950,C.Wentz
18.0,Dak Prescott (DAL),213.6,17.8,23.0,15.0,"2,860",66%,7.3,0.540576686092233,261.0,394.0,"1,781",4.5,118.0,37.0,12.0,3.0,3.0,49.0,93.0,2.5,20.0,0.3384615384615385,37.0,33.0,102.0,66.0,22.0,1.0,182,45.0,1.0,12.0,00-0033077,2022,65.0,261.0,68.5%,QB,00-0033077,D.Prescott
22.0,Carson Wentz (FA),213.4,17.8,16.0,15.0,"2,620",57%,6.0,-3.4937724899902656,251.0,437.0,"1,765",4.0,103.0,27.0,14.0,6.0,3.0,51.0,72.0,2.7,50.0,0.4385964912280701,56.0,38.0,167.0,91.0,23.0,5.0,276,52.0,4.0,12.0,00-0032950,2020,114.0,251.0,0.0%,QB,00-0032950,C.Wentz
20.0,Matthew Stafford (LAR),212.1,13.3,21.0,11.0,"3,777",66%,6.8,-2.110025089453249,367.0,555.0,"2,076",3.7,157.0,44.0,17.0,6.0,2.0,28.0,92.0,2.3,40.0,0.4878048780487805,34.0,56.0,165.0,94.0,29.0,0.0,71.0,25.0,4.0,16.0,00-0026498,2018,82.0,367.0,17.7%,QB,00-0026498,M.Stafford
17.0,Andy Dalton (CAR),210.7,13.2,25.0,12.0,"3,320",60%,6.7,-1.6825341662777065,297.0,496.0,"1,822",3.7,137.0,33.0,14.0,9.0,6.0,31.0,87.0,2.3,39.0,0.6190476190476191,19.0,67.0,139.0,69.0,27.0,0.0,99.0,38.0,4.0,16.0,00-0027973,2017,63,297.0,0.1%,QB,00-0027973,A.Dalton
20.0,Joshua Dobbs (NE),210.5,16.2,13.0,10.0,"2,464",63%,5.9,-1.7743371015218026,262.0,417.0,"1,636",3.9,98.0,29.0,4.0,2.0,1.0,48.0,81.0,2.6,30.0,0.3333333333333333,58.0,23.0,121.0,67.0,15.0,6.0,421.0,77.0,7.0,13.0,,2023,90.0,262.0,0.2%,QB,00-0033949,J.Dobbs
18.0,Marcus Mariota (WAS),210.4,14.0,13.0,15.0,"3,232",62%,7.1,0.8082222740244237,281.0,453.0,"2,094",4.6,137.0,39.0,9.0,6.0,4.0,19.0,81.0,2.5,27.0,0.5068493150684932,21.0,62.0,132.0,80.0,18.0,5.0,312.0,60.0,1.0,15.0,00-0032268,2017,73,281.0,0.2%,QB,00-0032268,M.Mariota
23.0,Teddy Bridgewater (FA),209.8,15.0,18.0,7.0,"3,052",67%,7.1,3.9105545297081186,285.0,426.0,"1,801",4.2,125.0,33.0,15.0,5.0,2.0,53.0,95.0,2.5,31.0,0.4025974025974026,41.0,65.0,118.0,68.0,13.0,2.0,106.0,30.0,1.0,14.0,00-0031237,2021,77.0,285.0,0.0%,QB,00-0031237,T.Bridgewater
21.0,Josh Allen (BUF),208.1,17.3,10.0,12.0,"2,074",53%,6.5,-6.880950460536244,169.0,320.0,"1,280",4.0,80.0,30.0,13.0,5.0,3.0,15.0,70.0,2.4,28.0,0.4057971014492754,33.0,54.0,126.0,78.0,18.0,8.0,631.0,89.0,2.0,12.0,00-0034857,2018,69.0,169.0,99.8%,QB,00-0034857,J.Allen
19.0,Kyler Murray (ARI),207.6,18.9,14.0,7.0,"2,368",66%,6.1,-0.8062973137824794,259.0,390.0,"1,347",3.5,96.0,27.0,6.0,0.0,0.0,44.0,90.0,2.2,25.0,0.6097560975609756,15.0,42.0,89.0,44.0,21.0,3.0,418,67.0,2.0,11.0,00-0035228,2022,41.0,259.0,87.5%,QB,00-0035228,K.Murray
19.0,Derek Carr (FA),206.3,13.8,22.0,13.0,"3,496",63%,6.8,-0.3161206052583757,323.0,515.0,"2,055",4.0,132.0,43.0,13.0,9.0,5.0,24.0,88.0,2.3,20.0,0.4444444444444444,22.0,64.0,113.0,84.0,34.0,0.0,66.0,23.0,3.0,15.0,00-0031280,2017,45,323.0,0.8%,QB,00-0031280,D.Carr
20.0,Jacoby Brissett (ARI),206.0,12.9,13.0,7.0,"3,098",59%,6.6,-4.45443925484686,276.0,469.0,"1,718",3.7,119.0,32.0,14.0,9.0,6.0,15.0,84.0,2.5,52.0,0.4814814814814814,48.0,98.0,160.0,75.0,31.0,4.0,260.0,63.0,3.0,16.0,00-0033119,2017,108,276.0,0.1%,QB,00-0033119,J.Brissett
20.0,Marcus Mariota (WAS),205.7,15.8,15.0,9.0,"2,219",61%,7.4,-0.6461130545057094,184.0,300.0,"1,422",4.7,95.0,30.0,10.0,4.0,1.0,35.0,90.0,2.6,28.0,0.4307692307692308,33.0,13.0,100.0,65.0,8.0,4.0,438,85.0,3.0,13.0,00-0032268,2022,65.0,184.0,0.2%,QB,00-0032268,M.Mariota
21.0,Josh McCown (FA),205.6,15.8,18.0,9.0,"2,926",67%,7.4,5.53414226736429,267.0,397.0,"1,791",4.5,115.0,40.0,17.0,7.0,3.0,15.0,94.0,2.3,39.0,0.4698795180722891,38.0,64.0,128.0,48.0,22.0,5.0,124.0,37.0,4.0,13.0,,2017,83,267.0,0.0%,QB,00-0021206,J.McCown
21.0,Gardner Minshew II (KC),205.2,12.8,15.0,9.0,"3,305",62%,6.7,,305.0,490.0,"1,902",3.9,125.0,36.0,20.0,11.0,5.0,58.0,86.0,2.4,34.0,,30.0,32.0,169.0,70.0,26.0,3.0,100.0,34.0,5.0,16.0,,2023,,305.0,0.2%,QB,,
20.0,Bryce Young (CAR),203.8,14.6,15.0,9.0,"2,403",61%,6.2,0.6654147484176329,234.0,384.0,"1,618",4.2,96.0,30.0,11.0,3.0,1.0,56.0,82.0,2.3,29.0,0.4328358208955223,38.0,53.0,136.0,81.0,15.0,6.0,249.0,43.0,2.0,14.0,,2024,67.0,234.0,9.5%,QB,00-0039150,B.Young
24.0,Jared Goff (DET),202.4,14.5,19.0,8.0,"3,245",67%,6.5,0.5529641658386784,332.0,494.0,"1,718",3.5,121.0,38.0,11.0,3.0,1.0,55.0,93.0,2.4,35.0,0.4117647058823529,48.0,50.0,111.0,77.0,21.0,0.0,87.0,17.0,6.0,14.0,00-0033106,2021,85.0,332.0,59.5%,QB,00-0033106,J.Goff
22.0,Jameis Winston (NYG),201.8,15.5,19.0,11.0,"3,504",64%,7.9,4.925920785158536,282.0,442.0,"2,339",5.3,167.0,32.0,16.0,5.0,2.0,19.0,92.0,2.5,33.0,0.4520547945205479,32.0,50.0,150.0,85.0,16.0,1.0,135.0,33.0,7.0,13.0,00-0031503,2017,73,282.0,0.4%,QB,00-0031503,J.Winston
25.0,Colin Kaepernick (FA),200.3,16.7,16.0,4.0,"2,241",59%,6.8,-4.746528238696053,196.0,331.0,"1,229",3.7,91.0,25.0,10.0,5.0,2.0,18.0,80.0,2.4,36.0,0.5714285714285714,24.0,61.0,91.0,55.0,24.0,2.0,468.0,69.0,3.0,12.0,,2016,63,196.0,0.1%,QB,00-0027974,C.Kaepernick
21.0,Davis Mills (HOU),196.6,13.1,17.0,15.0,"3,118",61%,6.5,-3.776847637111628,292.0,479.0,"1,813",3.8,106.0,50.0,18.0,7.0,3.0,54.0,79.0,2.3,31.0,0.3229166666666667,59.0,37.0,128.0,104.0,17.0,2.0,108,32.0,3.0,15.0,00-0036898,2022,96.0,292.0,0.1%,QB,00-0036898,D.Mills
23.0,Drew Lock (SEA),196.4,15.1,16.0,15.0,"2,933",57%,6.6,-5.543332781310376,254.0,443.0,"1,671",3.8,113.0,38.0,16.0,8.0,2.0,50.0,74.0,2.6,19.0,0.2923076923076923,37.0,55.0,148.0,98.0,25.0,3.0,160,44.0,3.0,13.0,00-0035704,2020,65.0,254.0,0.1%,QB,00-0035704,D.Lock
22.0,Jameis Winston (NYG),195.8,17.8,19.0,14.0,"2,992",65%,7.9,2.2003654060990243,244.0,378.0,"2,119",5.6,130.0,34.0,11.0,6.0,3.0,21.0,92.0,2.4,27.0,0.4576271186440678,29.0,43.0,84.0,60.0,18.0,1.0,281.0,49.0,3.0,11.0,00-0031503,2018,59.0,244.0,0.4%,QB,00-0031503,J.Winston
25.0,Baker Mayfield (TB),193.8,13.8,17.0,13.0,"3,010",61%,7.1,-2.718707900494337,253.0,418.0,"1,791",4.3,114.0,41.0,16.0,8.0,3.0,44.0,85.0,2.4,43.0,0.7049180327868853,18.0,52.0,123.0,82.0,20.0,1.0,134.0,37.0,3.0,14.0,00-0034855,2021,61.0,253.0,93.6%,QB,00-0034855,B.Mayfield
23.0,Carson Wentz (FA),193.4,17.6,21.0,7.0,"3,074",70%,7.7,5.096249658652026,279.0,401.0,"1,907",4.8,138.0,37.0,16.0,5.0,3.0,33.0,102.0,2.4,31.0,0.4246575342465753,31.0,44.0,124.0,57.0,15.0,0.0,93.0,34.0,6.0,11.0,00-0032950,2018,73.0,279.0,0.0%,QB,00-0032950,C.Wentz
21.0,Kirk Cousins (ATL),192.3,13.7,18.0,16.0,"3,508",67%,7.7,0.9587325138685704,303.0,453.0,"2,082",4.6,147.0,42.0,15.0,7.0,3.0,46.0,89.0,2.4,28.0,0.3636363636363636,47.0,25.0,106.0,51.0,16.0,0.0,0.0,23.0,2.0,14.0,00-0029604,2024,77.0,303.0,0.6%,QB,00-0029604,K.Cousins
24.0,Daniel Jones (IND),190.2,13.6,11.0,10.0,"2,943",63%,6.6,-2.243342771436325,280.0,448.0,"1,952",4.4,129.0,31.0,13.0,5.0,2.0,59.0,81.0,2.5,45.0,0.4455445544554455,53.0,56.0,200.0,76.0,23.0,1.0,423,65.0,6.0,14.0,00-0035710,2020,101.0,280.0,0.7%,QB,00-0035710,D.Jones
22.0,Desmond Ridder (CIN),189.1,12.6,12.0,12.0,"2,836",64%,7.3,-1.335535029570259,249.0,388.0,"1,789",4.6,113.0,34.0,14.0,7.0,3.0,47.0,82.0,2.3,31.0,0.5254237288135594,28.0,26.0,90.0,55.0,17.0,5.0,193.0,53.0,7.0,15.0,,2023,59.0,249.0,0.0%,QB,00-0038122,D.Ridder
22.0,Tua Tagovailoa (MIA),188.5,17.1,19.0,7.0,"2,867",73%,7.2,3.7809179654133622,291.0,399.0,"1,499",3.8,128.0,29.0,8.0,3.0,3.0,57.0,100.0,2.1,21.0,0.6774193548387096,11.0,26.0,64.0,45.0,14.0,0.0,49.0,17.0,2.0,11.0,00-0036212,2024,31.0,291.0,15.9%,QB,00-0036212,T.Tagovailoa
23.0,Eli Manning (FA),187.3,12.5,19.0,13.0,"3,468",62%,6.1,-3.636148648182119,352.0,571.0,"2,033",3.6,131.0,30.0,10.0,5.0,3.0,22.0,79.0,2.3,31.0,0.4848484848484848,24.0,53.0,129.0,99.0,42.0,1.0,26.0,12.0,5.0,15.0,,2017,66,352.0,0.6%,QB,00-0022803,E.Manning
23.0,Drake Maye (NE),187.1,14.4,15.0,10.0,"2,276",67%,6.7,2.8358721816391737,225.0,338.0,"1,270",3.7,90.0,25.0,9.0,1.0,0.0,39.0,81.0,2.3,34.0,0.5573770491803278,26.0,23.0,96.0,53.0,11.0,2.0,421.0,54.0,6.0,13.0,,2024,61.0,225.0,50.7%,QB,00-0039851,D.Maye
24.0,Joe Flacco (CLE),184.9,11.6,18.0,13.0,"3,141",64%,5.7,-1.2152931390546298,352.0,549.0,"1,859",3.4,120.0,28.0,11.0,5.0,3.0,29.0,81.0,2.3,27.0,0.45,30.0,83.0,158.0,90.0,26.0,1.0,54.0,25.0,0.0,16.0,,2017,60,352.0,0.5%,QB,00-0026158,J.Flacco
22.0,Andy Dalton (CAR),183.3,13.1,18.0,9.0,"2,871",67%,7.6,0.6179992027662579,252.0,378.0,"1,658",4.4,118.0,28.0,13.0,7.0,5.0,47.0,95.0,2.3,25.0,0.5319148936170213,21.0,17.0,99.0,47.0,21.0,0.0,54,30.0,1.0,14.0,00-0027973,2022,47.0,252.0,0.1%,QB,00-0027973,A.Dalton
23.0,Mac Jones (SF),181.1,12.9,14.0,11.0,"2,997",65%,6.8,-0.441011477191486,288.0,442.0,"1,817",4.1,114.0,42.0,16.0,7.0,0.0,39.0,81.0,2.2,34.0,0.5862068965517241,29.0,34.0,93.0,53.0,25.0,1.0,102,47.0,1.0,14.0,00-0029293,2022,58.0,288.0,0.2%,QB,00-0036972,M.Jones
25.0,Joe Burrow (CIN),178.6,17.9,13.0,5.0,"2,688",65%,6.7,2.100735074099223,264.0,404.0,"1,687",4.2,120.0,23.0,4.0,3.0,2.0,54.0,89.0,2.4,32.0,0.4102564102564102,43.0,29.0,138.0,58.0,19.0,3.0,142,37.0,4.0,10.0,00-0036442,2020,78.0,264.0,99.6%,QB,00-0036442,J.Burrow
24.0,Russell Wilson (NYG),177.8,16.2,16.0,5.0,"2,482",64%,7.4,5.10401637532559,214.0,336.0,"1,510",4.5,94.0,40.0,17.0,6.0,0.0,45.0,96.0,2.4,33.0,0.4352941176470588,45.0,27.0,91.0,52.0,14.0,2.0,155.0,43.0,4.0,11.0,00-0029263,2024,85.0,214.0,2.5%,QB,00-0029263,R.Wilson
24.0,Marcus Mariota (WAS),176.0,12.6,11.0,8.0,"2,528",69%,7.6,3.44679635076137,228.0,331.0,"1,470",4.4,110.0,31.0,8.0,5.0,3.0,29.0,89.0,2.4,42.0,0.6885245901639344,14.0,59.0,108.0,53.0,15.0,2.0,357.0,64.0,2.0,14.0,00-0032268,2018,61.0,228.0,0.2%,QB,00-0032268,M.Mariota
25.0,DeShone Kizer (FA),175.9,11.7,11.0,22.0,"2,894",54%,6.1,-6.328418533852763,255.0,476.0,"1,636",3.4,112.0,43.0,17.0,3.0,2.0,20.0,60.0,2.5,38.0,0.3619047619047619,54.0,64.0,134.0,114.0,33.0,5.0,419.0,77.0,6.0,15.0,,2017,105,255.0,0.0%,QB,00-0033899,D.Kizer
25.0,Anthony Richardson Sr. (IND),175.5,16.0,8.0,12.0,"1,814",48%,6.9,,126.0,264.0,"1,119",4.2,72.0,28.0,16.0,6.0,4.0,17.0,69.0,2.4,14.0,,30.0,35.0,67.0,70.0,12.0,6.0,499.0,86.0,3.0,11.0,,2024,,126.0,13.1%,QB,,
24.0,Jacoby Brissett (ARI),174.7,12.5,12.0,6.0,"2,608",64%,7.1,2.8882097527172528,236.0,369.0,"1,642",4.4,108.0,32.0,12.0,4.0,2.0,46.0,75.0,2.5,24.0,0.3478260869565217,39.0,40.0,101.0,47.0,25.0,2.0,243,49.0,4.0,14.0,00-0033119,2022,69.0,236.0,0.1%,QB,00-0033119,J.Brissett
25.0,Andy Dalton (CAR),174.5,15.9,21.0,11.0,"2,566",62%,7.0,-3.041617764311338,226.0,365.0,"1,548",4.2,105.0,38.0,12.0,1.0,0.0,24.0,88.0,2.3,21.0,0.5526315789473685,15.0,54.0,100.0,55.0,18.0,0.0,99.0,16.0,0.0,11.0,00-0027973,2018,38.0,226.0,0.1%,QB,00-0027973,A.Dalton
25.0,Jimmy Garoppolo (LAR),168.7,15.3,16.0,4.0,"2,437",67%,7.9,-1.0454820067274773,207.0,308.0,"1,136",3.7,106.0,31.0,12.0,2.0,2.0,43.0,102.0,2.3,18.0,0.4186046511627907,25.0,11.0,87.0,39.0,21.0,2.0,33,23.0,2.0,11.0,00-0031345,2022,43.0,207.0,0.2%,QB,00-0031345,J.Garoppolo
23.0,Bryce Young (CAR),166.5,10.4,11.0,10.0,"2,877",60%,5.5,-1.4098406276282065,315.0,527.0,"1,783",3.4,109.0,26.0,10.0,4.0,0.0,39.0,74.0,2.5,62.0,0.5391304347826087,50.0,38.0,166.0,103.0,23.0,0.0,253.0,39.0,6.0,16.0,,2023,115.0,315.0,9.5%,QB,00-0039150,B.Young
24.0,Kirk Cousins (ATL),154.9,19.4,18.0,5.0,"2,331",69%,7.5,4.287857809011515,216.0,311.0,"1,462",4.7,95.0,34.0,12.0,4.0,3.0,45.0,103.0,2.5,17.0,0.2575757575757575,45.0,21.0,106.0,39.0,16.0,0.0,25.0,14.0,4.0,8.0,00-0029604,2023,66.0,216.0,0.6%,QB,00-0029604,K.Cousins
25.0,Joe Burrow (CIN),153.2,15.3,15.0,6.0,"2,309",67%,6.3,1.23375170675778,244.0,365.0,"1,286",3.5,85.0,21.0,10.0,4.0,3.0,46.0,91.0,2.2,24.0,0.375,37.0,13.0,83.0,52.0,21.0,0.0,88.0,31.0,1.0,10.0,00-0036442,2023,64.0,244.0,99.6%,QB,00-0036442,J.Burrow
