Rank,Player,Fantasy Points,Fantasy Points/Game,Receptions (Advanced),Targets (Advanced),Target Share %,Catchable Targets,Drops,Receiving Yards (Advanced),Yards/Reception (Advanced),Yards Before Catch,Yards Before Catch/Reception,Yards After Catch,Yards After Catch/Reception,Yards After Contact,Yards After Contact/Reception,Broken Tackles,Receiving TD (Basic),Receptions 10+ Yards,Receptions 20+ Yards,Receptions 30+ Yards,Receptions 40+ Yards,Red Zone Targets,routes_run,yprr,TPRR,redzone_touches,goal_line_touches,Games Played (Advanced),Year,Position,posteam,player_id,player_name,targets,yac,Player_Opps,Team_Opps,opportunity_share,VORP,FantasyPointsPerTouch,PointsPerOpportunity,BreakoutIndicator
1.0,Travis Kelce (KC),316.3,18.6,110.0,152.0,24.8%,119.0,8.0,"1,338",12.2,690.0,6.3,648.0,5.9,197.0,1.8,13.0,12.0,54.0,19.0,7.0,2.0,30.0,184.0,8.668478260869565,0.9945652173913044,41.0,16.0,17.0,2022,TE,KC,00-0030506,T.Kelce,183.0,756.0,152.0,152.0,1.0,175.10000000000002,2.8754545454545455,2.080921052631579,0
1.0,Travis Kelce (KC),312.8,20.9,105.0,145.0,23.7%,110.0,2.0,"1,416",13.5,833.0,7.9,583.0,5.6,261.0,2.5,10.0,11.0,67.0,23.0,4.0,2.0,20.0,186.0,9.548387096774194,0.9946236559139784,31.0,7.0,15.0,2020,TE,KC,00-0030506,T.Kelce,185.0,718.0,145.0,145.0,1.0,167.5,2.979047619047619,2.157241379310345,0
1.0,Mark Andrews (BAL),301.1,17.7,107.0,153.0,25.8%,110.0,3.0,"1,361",12.7,903.0,8.4,458.0,4.3,187.0,1.7,4.0,9.0,61.0,20.0,5.0,2.0,20.0,158.0,8.613924050632912,0.9683544303797468,28.0,7.0,17.0,2021,TE,BAL,00-0034753,M.Andrews,153.0,450.0,153.0,153.0,1.0,142.10000000000002,2.8140186915887853,1.9679738562091504,0
1.0,Travis Kelce (KC),294.6,18.4,103.0,150.0,26.6%,110.0,7.0,"1,336",13.0,767.0,7.4,569.0,5.5,152.0,1.5,7.0,10.0,56.0,18.0,6.0,2.0,14.0,167.0,8.784431137724551,0.994011976047904,28.0,7.0,16.0,2018,TE,KC,00-0030506,T.Kelce,166.0,634.0,150.0,150.0,1.0,164.00000000000003,2.860194174757282,1.9640000000000002,0
2.0,Zach Ertz (WAS),280.3,17.5,116.0,156.0,26.4%,123.0,5.0,"1,163",10.0,810.0,7.0,353.0,3.0,98.0,0.8,3.0,8.0,54.0,13.0,1.0,0.0,12.0,171.0,7.39766081871345,1.0,27.0,4.0,16.0,2018,TE,PHI,00-0030061,Z.Ertz,171.0,389.0,156.0,200.0,0.78,149.70000000000002,2.4163793103448277,1.7967948717948719,0
2.0,Darren Waller (MIA),278.6,17.4,107.0,145.0,27.7%,112.0,4.0,"1,196",11.2,624.0,5.8,572.0,5.3,215.0,2.0,7.0,9.0,44.0,16.0,3.0,0.0,22.0,146.0,8.191780821917808,0.9931506849315068,24.0,7.0,16.0,2020,TE,LV,00-0031610,D.Waller,145.0,572.0,145.0,145.0,1.0,133.3,2.6037383177570095,1.9213793103448278,0
2.0,Travis Kelce (KC),262.8,16.4,92.0,134.0,21.0%,102.0,10.0,"1,125",12.2,561.0,6.1,564.0,6.1,248.0,2.7,8.0,9.0,50.0,13.0,4.0,2.0,16.0,161.0,8.84472049689441,1.0,23.0,8.0,16.0,2021,TE,KC,00-0030506,T.Kelce,161.0,700.0,134.0,134.0,1.0,103.8,2.856521739130435,1.9611940298507464,0
1.0,Brock Bowers (LV),262.7,15.5,112.0,153.0,25.8%,118.0,6.0,"1,194",10.7,598.0,5.3,596.0,5.3,169.0,1.5,6.0,5.0,49.0,15.0,3.0,1.0,14.0,153.0,7.803921568627451,1.0,16.0,5.0,17.0,2024,TE,LV,00-0039338,B.Bowers,153.0,596.0,153.0,153.0,1.0,117.29999999999998,2.345535714285714,1.7169934640522875,0
3.0,George Kittle (SF),258.7,16.2,88.0,136.0,26.4%,93.0,5.0,"1,377",15.6,507.0,5.8,870.0,9.9,253.0,2.9,9.0,5.0,50.0,20.0,10.0,6.0,9.0,138.0,9.978260869565217,0.9855072463768116,21.0,7.0,16.0,2018,TE,SF,00-0033288,G.Kittle,136.0,870.0,136.0,136.0,1.0,128.1,2.939772727272727,1.902205882352941,0
1.0,Rob Gronkowski (FA),255.6,17.0,72.0,120.0,19.2%,152.0,7.0,"1,176",16.3,622.0,8.6,554.0,7.7,208.0,2.9,3.0,11.0,48.0,12.0,10.0,5.0,19.0,143.0,9.811188811188812,1.0,25.0,9.0,15.0,2015,TE,NE,00-0027656,R.Gronkowski,143.0,636.0,120.0,120.0,1.0,106.6,3.55,2.13,0
1.0,Travis Kelce (KC),254.3,15.9,97.0,136.0,24.4%,108.0,8.0,"1,229",12.7,819.0,8.4,410.0,4.2,155.0,1.6,6.0,5.0,59.0,13.0,5.0,3.0,19.0,158.0,9.08860759493671,1.0,26.0,8.0,16.0,2019,TE,KC,00-0030506,T.Kelce,158.0,494.0,136.0,136.0,1.0,118.3,2.6216494845360825,1.8698529411764706,0
2.0,Trey McBride (ARI),249.8,15.6,111.0,147.0,28.1%,114.0,3.0,"1,146",10.3,633.0,5.7,513.0,4.6,167.0,1.5,5.0,2.0,47.0,10.0,2.0,0.0,20.0,147.0,7.795918367346939,1.0,23.0,9.0,16.0,2024,TE,ARI,00-0037744,T.McBride,147.0,513.0,147.0,147.0,1.0,104.4,2.2504504504504506,1.6993197278911565,0
2.0,Delanie Walker (FA),244.4,16.3,94.0,133.0,24.5%,193.0,6.0,"1,088",11.6,699.0,7.4,389.0,4.1,188.0,2.0,7.0,6.0,44.0,10.0,3.0,2.0,15.0,134.0,8.119402985074627,0.9925373134328358,17.0,5.0,15.0,2015,TE,TEN,00-0024389,D.Walker,133.0,384.0,133.0,133.0,1.0,95.4,2.6,1.8375939849624061,0
3.0,Jordan Reed (FA),244.2,17.4,87.0,114.0,20.5%,170.0,4.0,952,10.9,484.0,5.6,468.0,5.4,140.0,1.6,7.0,11.0,38.0,13.0,1.0,0.0,21.0,131.0,8.183206106870228,1.0,26.0,5.0,14.0,2015,TE,WAS,00-0030472,J.Reed,131.0,505.0,114.0,114.0,1.0,95.2,2.806896551724138,2.1421052631578945,0
1.0,Sam LaPorta (DET),239.3,14.1,86.0,120.0,20.9%,91.0,5.0,889,10.3,531.0,6.2,358.0,4.2,120.0,1.4,9.0,10.0,35.0,8.0,5.0,2.0,15.0,149.0,7.147651006711409,0.9865771812080536,24.0,9.0,17.0,2023,TE,DET,00-0039065,S.LaPorta,147.0,453.0,120.0,120.0,1.0,95.8,2.782558139534884,1.9941666666666669,0
4.0,Gary Barnidge (FA),237.3,14.8,79.0,125.0,20.8%,161.0,7.0,"1,043",13.2,680.0,8.6,363.0,4.6,123.0,1.6,0.0,9.0,49.0,12.0,4.0,1.0,23.0,125.0,8.344,0.992,24.0,8.0,16.0,2015,TE,CLE,00-0026281,G.Barnidge,124.0,363.0,125.0,125.0,1.0,88.30000000000001,3.0037974683544304,1.8984,0
3.0,George Kittle (SF),236.6,15.8,78.0,94.0,18.3%,80.0,2.0,"1,106",14.2,584.0,7.5,522.0,6.7,187.0,2.4,4.0,8.0,45.0,21.0,9.0,2.0,19.0,94.0,11.76595744680851,1.0,21.0,6.0,15.0,2024,TE,SF,00-0033288,G.Kittle,94.0,522.0,94.0,94.0,1.0,91.2,3.033333333333333,2.5170212765957447,0
1.0,Travis Kelce (KC),233.5,15.6,83.0,122.0,23.1%,90.0,7.0,"1,038",12.5,632.0,7.6,406.0,4.9,154.0,1.9,7.0,8.0,44.0,13.0,6.0,1.0,10.0,126.0,8.761904761904763,1.0,21.0,1.0,15.0,2017,TE,KC,00-0030506,T.Kelce,126.0,424.0,122.0,122.0,1.0,100.7,2.8132530120481927,1.9139344262295082,0
2.0,Evan Engram (DEN),230.3,13.5,114.0,143.0,23.6%,122.0,7.0,963,8.4,447.0,3.9,516.0,4.5,154.0,1.4,5.0,4.0,40.0,9.0,1.0,0.0,9.0,144.0,6.6875,0.9930555555555556,11.0,3.0,17.0,2023,TE,JAX,00-0033881,E.Engram,143.0,516.0,143.0,143.0,1.0,86.80000000000001,2.020175438596491,1.6104895104895105,0
5.0,Greg Olsen (FA),227.4,14.2,77.0,124.0,25.1%,154.0,7.0,"1,104",14.3,760.0,9.9,344.0,4.5,58.0,0.8,0.0,7.0,49.0,14.0,6.0,1.0,18.0,147.0,9.081632653061224,1.0,21.0,5.0,16.0,2015,TE,CAR,00-0025418,G.Olsen,147.0,435.0,124.0,124.0,1.0,78.4,2.9532467532467535,1.8338709677419356,0
2.0,Rob Gronkowski (FA),227.4,16.2,69.0,105.0,18.0%,73.0,4.0,"1,084",15.7,739.0,10.7,345.0,5.0,187.0,2.7,4.0,8.0,52.0,13.0,5.0,2.0,9.0,133.0,9.789473684210526,0.9924812030075189,27.0,13.0,14.0,2017,TE,NE,00-0027656,R.Gronkowski,132.0,416.0,105.0,105.0,1.0,94.6,3.2956521739130435,2.165714285714286,0
1.0,Travis Kelce (KC),223.0,13.9,85.0,117.0,21.8%,174.0,10.0,"1,125",13.2,492.0,5.8,633.0,7.4,167.0,2.0,8.0,4.0,48.0,9.0,5.0,3.0,6.0,125.0,9.616,0.992,21.0,5.0,16.0,2016,TE,KC,00-0030506,T.Kelce,124.0,672.0,117.0,117.0,1.0,75.19999999999999,2.623529411764706,1.9059829059829059,0
2.0,George Kittle (SF),222.5,15.9,85.0,107.0,22.9%,87.0,2.0,"1,053",12.4,451.0,5.3,602.0,7.1,218.0,2.6,8.0,5.0,45.0,16.0,6.0,2.0,16.0,120.0,9.366666666666667,1.0,23.0,4.0,14.0,2019,TE,SF,00-0033288,G.Kittle,120.0,656.0,107.0,107.0,1.0,86.5,2.6176470588235294,2.0794392523364484,0
4.0,Jonnu Smith (PIT),222.3,13.1,88.0,111.0,19.5%,94.0,6.0,884,10.0,374.0,4.3,510.0,5.8,136.0,1.5,8.0,8.0,45.0,4.0,2.0,1.0,18.0,111.0,7.963963963963964,1.0,19.0,5.0,17.0,2024,TE,MIA,00-0033858,J.Smith,111.0,510.0,111.0,111.0,1.0,76.9,2.526136363636364,2.002702702702703,0
4.0,Eric Ebron (FA),222.2,13.9,66.0,110.0,17.4%,79.0,9.0,750,11.4,500.0,7.6,250.0,3.8,53.0,0.8,0.0,13.0,33.0,7.0,1.0,1.0,11.0,125.0,6.616,1.0,26.0,5.0,16.0,2018,TE,IND,00-0031387,E.Ebron,125.0,269.0,110.0,110.0,1.0,91.6,3.3666666666666667,2.02,0
3.0,Darren Waller (MIA),221.0,13.8,90.0,117.0,23.8%,95.0,5.0,"1,145",12.7,575.0,6.4,570.0,6.3,179.0,2.0,8.0,3.0,45.0,14.0,6.0,2.0,11.0,117.0,9.786324786324789,1.0,11.0,2.0,16.0,2019,TE,LV,00-0031610,D.Waller,117.0,578.0,117.0,117.0,1.0,85.0,2.4555555555555557,1.8888888888888888,0
3.0,Travis Kelce (KC),219.4,14.6,93.0,121.0,20.2%,101.0,7.0,984,10.6,514.0,5.5,470.0,5.1,95.0,1.0,4.0,5.0,39.0,12.0,2.0,2.0,19.0,158.0,8.474683544303797,1.0,26.0,5.0,15.0,2023,TE,KC,00-0030506,T.Kelce,158.0,628.0,121.0,121.0,1.0,75.9,2.3591397849462368,1.8132231404958679,0
4.0,T.J. Hockenson (MIN),219.0,14.6,95.0,127.0,21.0%,99.0,4.0,960,10.1,624.0,6.6,336.0,3.5,115.0,1.2,4.0,5.0,40.0,13.0,0.0,0.0,10.0,127.0,7.559055118110236,1.0,14.0,6.0,15.0,2023,TE,MIN,00-0035229,T.Hockenson,127.0,336.0,127.0,127.0,1.0,75.5,2.305263157894737,1.7244094488188977,0
4.0,Zach Ertz (WAS),215.6,14.4,88.0,135.0,22.4%,95.0,5.0,916,10.4,661.0,7.5,255.0,2.9,79.0,0.9,5.0,6.0,39.0,12.0,1.0,0.0,16.0,140.0,6.857142857142857,0.9928571428571428,20.0,5.0,15.0,2019,TE,PHI,00-0030061,Z.Ertz,139.0,271.0,135.0,222.0,0.6081081081081081,79.6,2.4499999999999997,1.597037037037037,1
2.0,T.J. Hockenson (MIN),215.4,12.7,86.0,129.0,22.9%,93.0,7.0,914,10.6,518.0,6.0,396.0,4.6,144.0,1.7,7.0,6.0,37.0,5.0,3.0,2.0,18.0,142.0,7.274647887323944,0.9772727272727272,23.0,6.0,17.0,2022,TE,DET,00-0035229,T.Hockenson,43.0,468.0,129.0,129.0,1.0,74.20000000000002,2.5046511627906978,1.669767441860465,0
2.0,Kyle Rudolph (FA),209.0,13.1,83.0,132.0,22.6%,168.0,6.0,840,10.1,481.0,5.8,359.0,4.3,101.0,1.2,5.0,7.0,34.0,10.0,1.0,1.0,12.0,133.0,6.315789473684211,0.9924812030075189,26.0,8.0,16.0,2016,TE,MIN,00-0027981,K.Rudolph,132.0,359.0,132.0,132.0,1.0,61.19999999999999,2.5180722891566263,1.5833333333333333,1
3.0,Dalton Schultz (HOU),208.8,12.3,78.0,104.0,16.3%,82.0,4.0,808,10.4,460.0,5.9,348.0,4.5,109.0,1.4,3.0,8.0,38.0,6.0,2.0,0.0,14.0,114.0,7.868421052631579,0.9824561403508772,16.0,5.0,17.0,2021,TE,DAL,00-0034383,D.Schultz,112.0,372.0,104.0,104.0,1.0,49.80000000000001,2.676923076923077,2.0076923076923077,0
3.0,Greg Olsen (FA),207.3,13.0,80.0,129.0,23.3%,166.0,4.0,"1,073",13.4,721.0,9.0,352.0,4.4,75.0,0.9,0.0,3.0,49.0,9.0,5.0,1.0,7.0,132.0,8.128787878787879,0.9772727272727272,19.0,7.0,16.0,2016,TE,CAR,00-0025418,G.Olsen,129.0,352.0,129.0,129.0,1.0,59.5,2.59125,1.6069767441860465,0
5.0,Mark Andrews (BAL),207.2,13.8,64.0,98.0,23.1%,73.0,7.0,852,13.3,561.0,8.8,291.0,4.5,95.0,1.5,3.0,10.0,28.0,16.0,7.0,1.0,14.0,105.0,8.485714285714286,1.0,16.0,3.0,15.0,2019,TE,BAL,00-0034753,M.Andrews,105.0,298.0,98.0,98.0,1.0,71.19999999999999,3.2375,2.1142857142857143,0
5.0,George Kittle (SF),203.2,12.7,65.0,90.0,19.1%,71.0,4.0,"1,020",15.7,537.0,8.3,483.0,7.4,154.0,2.4,5.0,6.0,40.0,18.0,8.0,3.0,12.0,103.0,10.990291262135925,1.0,14.0,2.0,16.0,2023,TE,SF,00-0033288,G.Kittle,103.0,539.0,90.0,90.0,1.0,59.69999999999999,3.126153846153846,2.2577777777777777,0
3.0,Zach Ertz (WAS),202.4,14.5,74.0,110.0,19.8%,79.0,3.0,824,11.1,581.0,7.9,243.0,3.3,95.0,1.3,1.0,8.0,38.0,4.0,3.0,2.0,8.0,133.0,7.639097744360902,0.9924812030075189,21.0,7.0,14.0,2017,TE,PHI,00-0030061,Z.Ertz,132.0,320.0,110.0,110.0,1.0,69.6,2.735135135135135,1.84,0
6.0,David Njoku (CLE),201.2,12.6,81.0,123.0,20.6%,93.0,11.0,882,10.9,283.0,3.5,599.0,7.4,271.0,3.3,10.0,6.0,29.0,12.0,7.0,2.0,17.0,134.0,7.276119402985074,1.0,20.0,7.0,16.0,2023,TE,CLE,00-0033885,D.Njoku,134.0,618.0,123.0,123.0,1.0,57.69999999999999,2.4839506172839503,1.6357723577235772,0
3.0,George Kittle (SF),200.5,13.4,60.0,86.0,17.1%,63.0,3.0,765,12.8,383.0,6.4,382.0,6.4,137.0,2.3,4.0,11.0,28.0,12.0,6.0,1.0,15.0,98.0,9.479591836734691,0.9897959183673468,17.0,7.0,15.0,2022,TE,SF,00-0033288,G.Kittle,97.0,440.0,86.0,86.0,1.0,59.30000000000001,3.341666666666667,2.3313953488372094,0
4.0,George Kittle (SF),198.0,14.1,71.0,94.0,18.8%,76.0,2.0,910,12.8,460.0,6.5,450.0,6.3,179.0,2.5,8.0,6.0,38.0,13.0,3.0,1.0,9.0,108.0,9.425925925925926,1.0,11.0,1.0,14.0,2021,TE,SF,00-0033288,G.Kittle,108.0,489.0,94.0,94.0,1.0,39.0,2.788732394366197,2.106382978723404,0
5.0,Travis Kelce (KC),195.4,12.2,97.0,133.0,23.3%,103.0,6.0,823,8.5,482.0,5.0,341.0,3.5,98.0,1.0,3.0,3.0,28.0,9.0,1.0,0.0,25.0,153.0,6.522875816993464,0.9869281045751634,31.0,7.0,16.0,2024,TE,KC,00-0030506,T.Kelce,151.0,426.0,133.0,182.0,0.7307692307692307,50.0,2.0144329896907216,1.4691729323308271,1
5.0,Jared Cook (FA),193.6,12.1,68.0,101.0,19.1%,77.0,9.0,896,13.2,553.0,8.1,343.0,5.0,88.0,1.3,4.0,6.0,39.0,15.0,5.0,1.0,7.0,101.0,8.871287128712872,1.0,15.0,3.0,16.0,2018,TE,LV,00-0027061,J.Cook,101.0,343.0,101.0,101.0,1.0,63.0,2.847058823529412,1.9168316831683168,0
6.0,Austin Hooper (NE),191.7,14.7,75.0,97.0,14.8%,76.0,1.0,787,10.5,452.0,6.0,335.0,4.5,109.0,1.5,5.0,6.0,34.0,8.0,3.0,0.0,18.0,99.0,7.94949494949495,0.9797979797979798,20.0,5.0,13.0,2019,TE,ATL,00-0032392,A.Hooper,97.0,335.0,97.0,97.0,1.0,55.69999999999999,2.556,1.9762886597938143,0
6.0,Tyler Eifert (FA),191.5,14.7,52.0,74.0,14.9%,103.0,7.0,615,11.8,391.0,7.5,224.0,4.3,71.0,1.4,3.0,13.0,29.0,6.0,2.0,0.0,15.0,83.0,8.108433734939759,1.0,16.0,4.0,13.0,2015,TE,CIN,00-0030549,T.Eifert,83.0,271.0,74.0,74.0,1.0,42.5,3.6826923076923075,2.5878378378378377,0
7.0,Benjamin Watson (FA),190.5,11.9,74.0,110.0,16.6%,152.0,9.0,825,11.1,584.0,7.9,241.0,3.3,69.0,0.9,1.0,6.0,32.0,12.0,1.0,1.0,16.0,110.0,7.5,1.0,18.0,3.0,16.0,2015,TE,NO,00-0022943,B.Watson,110.0,241.0,110.0,110.0,1.0,41.5,2.574324324324324,1.731818181818182,0
4.0,Mark Andrews (BAL),190.5,12.7,73.0,113.0,24.3%,81.0,8.0,847,11.6,604.0,8.3,243.0,3.3,68.0,0.9,1.0,5.0,39.0,7.0,1.0,0.0,17.0,124.0,7.419354838709677,0.9919354838709676,21.0,7.0,15.0,2022,TE,BAL,00-0034753,M.Andrews,123.0,267.0,113.0,113.0,1.0,49.30000000000001,2.6095890410958904,1.6858407079646018,0
8.0,Travis Kelce (KC),189.5,11.8,72.0,103.0,22.2%,144.0,6.0,875,12.2,351.0,4.9,524.0,7.3,233.0,3.2,4.0,5.0,37.0,6.0,4.0,1.0,10.0,124.0,8.274193548387096,0.9838709677419356,17.0,3.0,16.0,2015,TE,KC,00-0030506,T.Kelce,122.0,609.0,103.0,103.0,1.0,40.5,2.6319444444444446,1.8398058252427185,0
4.0,Jimmy Graham (FA),189.3,11.8,65.0,95.0,17.3%,129.0,2.0,923,14.2,598.0,9.2,325.0,5.0,113.0,1.7,6.0,6.0,45.0,5.0,5.0,2.0,7.0,102.0,9.627450980392156,1.0,22.0,2.0,16.0,2016,TE,SEA,00-0027696,J.Graham,102.0,346.0,95.0,95.0,1.0,41.5,2.9123076923076923,1.9926315789473685,0
6.0,Mark Andrews (BAL),188.8,11.1,55.0,69.0,15.1%,59.0,4.0,673,12.2,485.0,8.8,188.0,3.4,89.0,1.6,1.0,11.0,31.0,6.0,3.0,1.0,15.0,80.0,9.5125,0.9875,19.0,3.0,17.0,2024,TE,BAL,00-0034753,M.Andrews,79.0,220.0,69.0,127.0,0.5433070866141733,43.400000000000006,3.432727272727273,2.7362318840579714,0
5.0,Delanie Walker (FA),188.1,12.5,65.0,102.0,20.8%,133.0,5.0,800,12.3,529.0,8.1,271.0,4.2,99.0,1.5,3.0,7.0,30.0,8.0,5.0,2.0,10.0,102.0,7.84313725490196,1.0,18.0,2.0,15.0,2016,TE,TEN,00-0024389,D.Walker,102.0,271.0,102.0,102.0,1.0,40.29999999999998,2.893846153846154,1.8441176470588234,0
6.0,Zach Ertz (WAS),183.6,13.1,78.0,106.0,17.5%,159.0,4.0,816,10.5,553.0,7.1,263.0,3.4,65.0,0.8,2.0,4.0,35.0,8.0,1.0,0.0,7.0,106.0,7.69811320754717,1.0,17.0,3.0,14.0,2016,TE,PHI,00-0030061,Z.Ertz,106.0,263.0,106.0,106.0,1.0,35.79999999999998,2.353846153846154,1.732075471698113,0
7.0,Trey McBride (ARI),181.5,10.7,81.0,106.0,19.6%,84.0,3.0,825,10.2,405.0,5.0,420.0,5.2,137.0,1.7,10.0,3.0,35.0,9.0,2.0,0.0,11.0,106.0,7.783018867924528,1.0,11.0,5.0,17.0,2023,TE,ARI,00-0037744,T.McBride,106.0,420.0,106.0,106.0,1.0,38.0,2.240740740740741,1.7122641509433962,0
8.0,Cole Kmet (CHI),181.1,10.7,73.0,90.0,18.9%,75.0,1.0,719,9.8,429.0,5.9,290.0,4.0,101.0,1.4,4.0,6.0,25.0,9.0,2.0,2.0,15.0,90.0,7.988888888888889,1.0,16.0,5.0,17.0,2023,TE,CHI,00-0036290,C.Kmet,90.0,290.0,90.0,90.0,1.0,37.599999999999994,2.480821917808219,2.0122222222222224,0
5.0,Zach Ertz (WAS),180.7,10.6,74.0,112.0,23.9%,82.0,6.0,763,10.3,423.0,5.7,340.0,4.6,74.0,1.0,2.0,5.0,33.0,7.0,1.0,1.0,20.0,117.0,6.700854700854701,0.9883720930232558,22.0,9.0,17.0,2021,TE,ARI,00-0030061,Z.Ertz,85.0,352.0,112.0,112.0,1.0,21.69999999999999,2.441891891891892,1.613392857142857,0
7.0,Zach Ertz (WAS),177.4,10.4,66.0,91.0,18.1%,70.0,4.0,654,9.9,467.0,7.1,187.0,2.8,65.0,1.0,0.0,7.0,28.0,7.0,1.0,0.0,21.0,118.0,6.8559322033898304,0.9830508474576272,27.0,13.0,17.0,2024,TE,WAS,00-0030061,Z.Ertz,116.0,226.0,91.0,91.0,1.0,32.0,2.687878787878788,1.9494505494505494,0
9.0,Jake Ferguson (DAL),177.1,10.4,71.0,102.0,16.9%,77.0,5.0,761,10.7,336.0,4.7,425.0,6.0,169.0,2.4,6.0,5.0,36.0,8.0,3.0,1.0,23.0,114.0,7.491228070175438,1.0,29.0,10.0,17.0,2023,TE,DAL,00-0038041,J.Ferguson,114.0,452.0,102.0,102.0,1.0,33.599999999999994,2.4943661971830986,1.7362745098039216,0
5.0,Evan Engram (DEN),176.9,10.4,73.0,98.0,17.1%,78.0,5.0,766,10.5,301.0,4.1,465.0,6.4,102.0,1.4,5.0,4.0,31.0,10.0,1.0,0.0,8.0,118.0,7.5423728813559325,0.9745762711864406,15.0,4.0,17.0,2022,TE,JAX,00-0033881,E.Engram,115.0,553.0,98.0,98.0,1.0,35.70000000000002,2.4232876712328766,1.8051020408163265,0
4.0,Logan Thomas (FA),176.6,11.0,72.0,110.0,19.2%,80.0,7.0,670,9.3,382.0,5.3,288.0,4.0,93.0,1.3,3.0,6.0,26.0,5.0,1.0,0.0,17.0,121.0,6.148760330578512,0.9834710743801652,22.0,4.0,16.0,2020,TE,WAS,00-0031260,L.Thomas,119.0,317.0,110.0,110.0,1.0,31.299999999999983,2.4527777777777775,1.6054545454545455,0
3.0,Robert Tonyan (KC),176.6,11.0,52.0,59.0,11.8%,52.0,0.0,586,11.3,352.0,6.8,234.0,4.5,28.0,0.5,0.0,11.0,22.0,9.0,3.0,1.0,11.0,67.0,9.970149253731345,1.0,12.0,4.0,16.0,2020,TE,GB,00-0033757,R.Tonyan,67.0,268.0,59.0,59.0,1.0,31.299999999999983,3.396153846153846,2.993220338983051,0
6.0,Kyle Pitts Sr. (ATL),176.6,10.4,68.0,110.0,19.9%,77.0,6.0,"1,026",15.1,713.0,10.5,313.0,4.6,137.0,2.0,3.0,1.0,41.0,16.0,6.0,2.0,14.0,,,,,,17.0,2021,TE,,,,,,110.0,,,17.599999999999994,2.597058823529412,1.6054545454545455,0
5.0,T.J. Hockenson (MIN),175.3,11.0,67.0,101.0,18.0%,74.0,7.0,723,10.8,394.0,5.9,329.0,4.9,78.0,1.2,4.0,6.0,33.0,6.0,2.0,1.0,15.0,102.0,7.088235294117647,0.9901960784313726,18.0,9.0,16.0,2020,TE,DET,00-0035229,T.Hockenson,101.0,329.0,101.0,101.0,1.0,30.0,2.6164179104477614,1.7356435643564359,0
8.0,Sam LaPorta (DET),174.6,10.9,60.0,83.0,15.9%,61.0,1.0,726,12.1,383.0,6.4,343.0,5.7,118.0,2.0,3.0,7.0,30.0,11.0,4.0,1.0,17.0,90.0,8.633333333333333,1.0,21.0,4.0,16.0,2024,TE,DET,00-0039065,S.LaPorta,90.0,365.0,83.0,83.0,1.0,29.19999999999999,2.9099999999999997,2.103614457831325,0
4.0,Delanie Walker (FA),174.5,10.9,74.0,111.0,22.9%,77.0,3.0,807,10.9,562.0,7.6,245.0,3.3,78.0,1.1,1.0,3.0,39.0,7.0,2.0,1.0,3.0,126.0,7.4603174603174605,1.0,14.0,7.0,16.0,2017,TE,TEN,00-0024389,D.Walker,126.0,311.0,111.0,111.0,1.0,41.69999999999999,2.358108108108108,1.572072072072072,1
5.0,Evan Engram (DEN),173.6,11.6,64.0,115.0,19.1%,77.0,12.0,722,11.3,416.0,6.5,306.0,4.8,107.0,1.7,5.0,6.0,29.0,9.0,2.0,0.0,8.0,115.0,6.278260869565218,1.0,11.0,3.0,15.0,2017,TE,NYG,00-0033881,E.Engram,115.0,306.0,115.0,115.0,1.0,40.79999999999998,2.7125,1.5095652173913043,1
7.0,Rob Gronkowski (FA),171.2,14.3,55.0,88.0,12.3%,62.0,5.0,802,14.6,452.0,8.2,350.0,6.4,147.0,2.7,9.0,6.0,35.0,16.0,3.0,1.0,10.0,106.0,8.660377358490566,1.0,14.0,5.0,12.0,2021,TE,TB,00-0027656,R.Gronkowski,106.0,419.0,88.0,88.0,1.0,12.199999999999989,3.1127272727272723,1.9454545454545453,0
7.0,Cameron Brate (FA),171.0,11.4,57.0,81.0,14.2%,109.0,0.0,660,11.6,524.0,9.2,136.0,2.4,49.0,0.9,1.0,8.0,34.0,3.0,2.0,0.0,12.0,81.0,8.148148148148149,1.0,17.0,4.0,15.0,2016,TE,TB,00-0031273,C.Brate,81.0,136.0,81.0,81.0,1.0,23.19999999999999,3.0,2.111111111111111,0
6.0,Jimmy Graham (FA),171.0,10.7,57.0,96.0,18.3%,66.0,9.0,520,9.1,309.0,5.4,211.0,3.7,78.0,1.4,1.0,10.0,21.0,7.0,1.0,0.0,15.0,98.0,5.3061224489795915,0.979591836734694,28.0,16.0,16.0,2017,TE,SEA,00-0027696,J.Graham,96.0,211.0,96.0,96.0,1.0,38.19999999999999,3.0,1.78125,0
9.0,Zach Ertz (WAS),170.3,11.4,75.0,112.0,18.1%,155.0,7.0,853,11.4,570.0,7.6,283.0,3.8,76.0,1.0,1.0,2.0,35.0,9.0,2.0,2.0,9.0,112.0,7.616071428571429,1.0,9.0,2.0,15.0,2015,TE,PHI,00-0030061,Z.Ertz,112.0,298.0,112.0,112.0,1.0,21.30000000000001,2.2706666666666666,1.5205357142857143,1
6.0,Mark Andrews (BAL),170.1,12.2,58.0,88.0,22.4%,64.0,5.0,701,12.1,519.0,8.9,182.0,3.1,69.0,1.2,2.0,7.0,31.0,10.0,3.0,0.0,16.0,105.0,7.333333333333333,1.0,22.0,4.0,14.0,2020,TE,BAL,00-0034753,M.Andrews,105.0,207.0,88.0,88.0,1.0,24.799999999999983,2.932758620689655,1.9329545454545454,0
7.0,Jack Doyle (FA),169.0,11.3,80.0,108.0,22.9%,84.0,4.0,690,8.6,353.0,4.4,337.0,4.2,124.0,1.6,5.0,4.0,25.0,4.0,0.0,0.0,3.0,109.0,6.330275229357798,0.9908256880733946,11.0,3.0,15.0,2017,TE,IND,00-0030181,J.Doyle,108.0,337.0,108.0,108.0,1.0,36.19999999999999,2.1125,1.5648148148148149,1
8.0,Dennis Pitta (FA),168.9,10.6,86.0,121.0,18.2%,175.0,6.0,729,8.5,434.0,5.0,295.0,3.4,81.0,0.9,3.0,2.0,27.0,3.0,1.0,0.0,4.0,121.0,6.024793388429752,1.0,13.0,1.0,16.0,2016,TE,BAL,00-0027714,D.Pitta,121.0,295.0,121.0,121.0,1.0,21.09999999999999,1.963953488372093,1.3958677685950414,1
9.0,Jordan Reed (FA),168.6,14.1,66.0,89.0,15.0%,132.0,3.0,686,10.4,422.0,6.4,264.0,4.0,89.0,1.3,2.0,6.0,28.0,8.0,1.0,0.0,6.0,90.0,7.622222222222222,0.9888888888888888,15.0,4.0,12.0,2016,TE,WAS,00-0030472,J.Reed,89.0,264.0,89.0,148.0,0.6013513513513513,20.799999999999983,2.5545454545454547,1.8943820224719101,0
9.0,Pat Freiermuth (PIT),168.3,9.9,65.0,78.0,17.0%,68.0,4.0,653,10.0,374.0,5.8,279.0,4.3,97.0,1.5,4.0,7.0,24.0,7.0,1.0,0.0,12.0,82.0,8.170731707317072,1.0,14.0,1.0,17.0,2024,TE,PIT,00-0036894,P.Freiermuth,82.0,286.0,78.0,78.0,1.0,22.90000000000001,2.5892307692307694,2.157692307692308,0
10.0,Martellus Bennett (FA),168.1,10.5,55.0,73.0,13.4%,109.0,2.0,701,12.7,285.0,5.2,416.0,7.6,165.0,3.0,7.0,7.0,28.0,5.0,5.0,1.0,4.0,88.0,9.079545454545457,1.0,15.0,5.0,16.0,2016,TE,NE,00-0026201,M.Bennett,88.0,467.0,73.0,73.0,1.0,20.299999999999983,3.056363636363636,2.302739726027397,0
7.0,Jared Cook (FA),167.5,12.0,43.0,65.0,11.6%,49.0,4.0,705,16.4,451.0,10.5,254.0,5.9,151.0,3.5,3.0,9.0,27.0,15.0,5.0,2.0,9.0,70.0,10.842857142857143,1.0,11.0,4.0,14.0,2019,TE,NO,00-0027061,J.Cook,70.0,275.0,65.0,65.0,1.0,31.5,3.895348837209302,2.576923076923077,0
9.0,Mike Gesicki (CIN),165.0,9.7,73.0,112.0,18.7%,79.0,3.0,780,10.7,559.0,7.7,221.0,3.0,69.0,0.9,1.0,2.0,29.0,12.0,2.0,1.0,9.0,113.0,6.902654867256637,0.991150442477876,12.0,3.0,17.0,2021,TE,MIA,00-0034829,M.Gesicki,112.0,221.0,112.0,112.0,1.0,6.0,2.26027397260274,1.4732142857142858,1
8.0,Dallas Goedert (PHI),165.0,11.0,56.0,76.0,16.2%,63.0,5.0,830,14.8,444.0,7.9,386.0,6.9,101.0,1.8,9.0,4.0,39.0,14.0,3.0,1.0,6.0,89.0,10.359550561797754,0.9887640449438202,8.0,2.0,15.0,2021,TE,PHI,00-0034351,D.Goedert,88.0,420.0,76.0,76.0,1.0,6.0,2.9464285714285716,2.1710526315789473,0
10.0,Jason Witten (FA),164.3,10.3,77.0,104.0,20.0%,151.0,0.0,713,9.3,483.0,6.3,230.0,3.0,79.0,1.0,2.0,3.0,27.0,3.0,1.0,0.0,13.0,104.0,6.855769230769231,1.0,13.0,4.0,16.0,2015,TE,DAL,00-0022127,J.Witten,104.0,230.0,104.0,104.0,1.0,15.300000000000011,2.133766233766234,1.5798076923076925,1
10.0,Hunter Henry (NE),164.3,10.3,50.0,75.0,14.3%,50.0,0.0,603,12.1,459.0,9.2,144.0,2.9,41.0,0.8,1.0,9.0,25.0,8.0,4.0,0.0,17.0,79.0,8.012658227848101,1.0,19.0,6.0,16.0,2021,TE,NE,00-0033090,H.Henry,79.0,151.0,75.0,75.0,1.0,5.300000000000011,3.286,2.190666666666667,0
11.0,Dawson Knox (BUF),164.1,10.9,49.0,71.0,11.4%,53.0,4.0,587,12.0,310.0,6.3,277.0,5.7,63.0,1.3,3.0,9.0,24.0,8.0,3.0,2.0,18.0,80.0,8.5625,1.0,21.0,4.0,15.0,2021,TE,BUF,00-0035689,D.Knox,80.0,296.0,71.0,71.0,1.0,5.099999999999994,3.3489795918367347,2.3112676056338026,0
10.0,Tucker Kraft (GB),163.3,9.6,50.0,70.0,15.1%,55.0,5.0,707,14.1,251.0,5.0,456.0,9.1,198.0,4.0,9.0,7.0,27.0,11.0,4.0,2.0,15.0,76.0,9.644736842105264,0.986842105263158,18.0,3.0,17.0,2024,TE,GB,00-0038996,T.Kraft,75.0,477.0,70.0,70.0,1.0,17.900000000000006,3.266,2.332857142857143,0
6.0,Austin Hooper (NE),163.0,10.2,71.0,88.0,14.6%,75.0,4.0,660,9.3,423.0,6.0,237.0,3.3,56.0,0.8,4.0,4.0,24.0,7.0,3.0,0.0,6.0,90.0,7.333333333333333,0.9777777777777776,15.0,7.0,16.0,2018,TE,ATL,00-0032392,A.Hooper,88.0,237.0,88.0,88.0,1.0,32.400000000000006,2.295774647887324,1.8522727272727273,0
8.0,Tyler Higbee (LAR),160.4,10.7,69.0,89.0,14.5%,71.0,2.0,734,10.6,338.0,4.9,396.0,5.7,87.0,1.3,5.0,3.0,29.0,11.0,2.0,0.0,19.0,89.0,8.247191011235955,1.0,19.0,6.0,15.0,2019,TE,LA,00-0033110,T.Higbee,89.0,390.0,89.0,89.0,1.0,24.40000000000001,2.3246376811594205,1.802247191011236,0
11.0,Richard Rodgers (FA),160.1,10.0,58.0,85.0,15.0%,113.0,2.0,510,8.8,292.0,5.0,218.0,3.8,77.0,1.3,5.0,8.0,18.0,5.0,1.0,1.0,14.0,98.0,5.938775510204081,0.9897959183673468,16.0,8.0,16.0,2015,TE,GB,00-0031384,R.Rodgers,97.0,250.0,85.0,85.0,1.0,11.099999999999994,2.7603448275862066,1.883529411764706,0
7.0,Mike Gesicki (CIN),159.3,10.6,53.0,85.0,15.5%,57.0,2.0,703,13.3,539.0,10.2,164.0,3.1,66.0,1.2,0.0,6.0,29.0,10.0,2.0,1.0,14.0,85.0,8.270588235294118,1.0,16.0,4.0,15.0,2020,TE,MIA,00-0034829,M.Gesicki,85.0,167.0,85.0,85.0,1.0,14.0,3.005660377358491,1.8741176470588237,0
12.0,Noah Fant (CIN),159.0,9.9,68.0,90.0,17.4%,71.0,2.0,670,9.9,361.0,5.3,309.0,4.5,53.0,0.8,1.0,4.0,25.0,7.0,2.0,0.0,12.0,91.0,7.362637362637362,0.989010989010989,17.0,4.0,16.0,2021,TE,DEN,00-0035644,N.Fant,90.0,319.0,90.0,90.0,1.0,0.0,2.338235294117647,1.7666666666666666,0
8.0,Kyle Rudolph (FA),158.2,9.9,57.0,81.0,15.5%,63.0,3.0,532,9.3,308.0,5.4,224.0,3.9,37.0,0.6,1.0,8.0,21.0,3.0,1.0,0.0,10.0,93.0,6.290322580645161,1.0,18.0,5.0,16.0,2017,TE,MIN,00-0027981,K.Rudolph,93.0,235.0,81.0,81.0,1.0,25.399999999999977,2.775438596491228,1.9530864197530864,0
11.0,Jason Witten (FA),152.3,9.5,69.0,95.0,19.8%,139.0,3.0,673,9.8,400.0,5.8,273.0,4.0,73.0,1.1,5.0,3.0,23.0,5.0,2.0,0.0,7.0,104.0,7.038461538461538,1.0,22.0,2.0,16.0,2016,TE,DAL,00-0022127,J.Witten,104.0,287.0,95.0,95.0,1.0,4.5,2.2072463768115944,1.6031578947368421,0
6.0,Tyler Higbee (LAR),152.0,9.5,72.0,108.0,20.9%,81.0,7.0,620,8.6,217.0,3.0,403.0,5.6,110.0,1.5,3.0,3.0,21.0,4.0,0.0,0.0,16.0,108.0,5.7407407407407405,1.0,16.0,2.0,16.0,2022,TE,LA,00-0033110,T.Higbee,108.0,404.0,108.0,108.0,1.0,10.800000000000011,2.111111111111111,1.4074074074074074,1
13.0,Pat Freiermuth (PIT),151.7,9.5,60.0,79.0,12.1%,62.0,2.0,497,8.3,250.0,4.2,247.0,4.1,117.0,2.0,8.0,7.0,21.0,2.0,0.0,0.0,20.0,85.0,6.141176470588236,0.9882352941176472,21.0,7.0,16.0,2021,TE,PIT,00-0036894,P.Freiermuth,84.0,268.0,79.0,79.0,1.0,-7.300000000000011,2.5283333333333333,1.9202531645569618,0
7.0,Kyle Rudolph (FA),151.4,9.5,64.0,82.0,13.9%,66.0,1.0,634,9.9,389.0,6.1,245.0,3.8,59.0,0.9,1.0,4.0,26.0,6.0,1.0,1.0,7.0,84.0,7.547619047619048,0.9761904761904762,17.0,7.0,16.0,2018,TE,MIN,00-0027981,K.Rudolph,82.0,249.0,82.0,82.0,1.0,20.80000000000001,2.365625,1.8463414634146342,0
10.0,Dalton Schultz (HOU),150.5,10.0,59.0,88.0,15.5%,62.0,3.0,635,10.8,376.0,6.4,259.0,4.4,100.0,1.7,8.0,5.0,26.0,7.0,1.0,0.0,13.0,98.0,7.295918367346939,0.9897959183673468,15.0,3.0,15.0,2023,TE,HOU,00-0034383,D.Schultz,97.0,263.0,88.0,88.0,1.0,7.0,2.5508474576271185,1.7102272727272727,0
11.0,Dalton Kincaid (BUF),150.3,9.4,73.0,91.0,16.7%,78.0,4.0,673,9.2,358.0,4.9,315.0,4.3,66.0,0.9,3.0,2.0,23.0,5.0,1.0,1.0,9.0,102.0,7.617647058823529,1.0,9.0,2.0,16.0,2023,TE,BUF,00-0038933,D.Kincaid,102.0,358.0,91.0,91.0,1.0,6.800000000000011,2.0589041095890415,1.6516483516483518,0
9.0,Hunter Henry (NE),150.2,12.5,55.0,76.0,13.2%,60.0,4.0,652,11.9,488.0,8.9,164.0,3.0,47.0,0.9,0.0,5.0,32.0,8.0,1.0,0.0,10.0,77.0,8.467532467532468,0.987012987012987,13.0,3.0,12.0,2019,TE,LAC,00-0033090,H.Henry,76.0,159.0,76.0,76.0,1.0,14.199999999999989,2.7309090909090905,1.976315789473684,0
9.0,Noah Fant (CIN),149.3,10.0,62.0,93.0,17.4%,67.0,5.0,673,10.9,296.0,4.8,377.0,6.1,123.0,2.0,4.0,3.0,27.0,8.0,3.0,0.0,10.0,94.0,7.159574468085107,0.9893617021276596,13.0,1.0,15.0,2020,TE,DEN,00-0035644,N.Fant,93.0,377.0,93.0,93.0,1.0,4.0,2.4080645161290324,1.6053763440860216,0
8.0,Rob Gronkowski (FA),149.3,9.3,45.0,77.0,12.7%,47.0,2.0,623,13.8,377.0,8.4,246.0,5.5,92.0,2.0,1.0,7.0,22.0,10.0,4.0,2.0,14.0,91.0,8.054945054945055,1.0,23.0,6.0,16.0,2020,TE,TB,00-0027656,R.Gronkowski,91.0,322.0,77.0,77.0,1.0,4.0,3.317777777777778,1.9389610389610392,0
10.0,Hayden Hurst (FA),149.1,9.3,56.0,88.0,14.5%,59.0,3.0,571,10.2,302.0,5.4,269.0,4.8,40.0,0.7,2.0,6.0,24.0,5.0,2.0,1.0,15.0,89.0,6.415730337078652,0.9887640449438202,16.0,4.0,16.0,2020,TE,ATL,00-0034830,H.Hurst,88.0,245.0,88.0,88.0,1.0,3.799999999999983,2.6625,1.6943181818181818,0
12.0,Antonio Gates (FA),149.0,13.5,56.0,85.0,12.9%,115.0,4.0,630,11.3,391.0,7.0,239.0,4.3,56.0,1.0,1.0,5.0,29.0,2.0,3.0,1.0,13.0,85.0,7.411764705882353,1.0,13.0,1.0,11.0,2015,TE,LAC,00-0021547,A.Gates,85.0,239.0,85.0,148.0,0.5743243243243243,0.0,2.6607142857142856,1.7529411764705882,0
11.0,David Njoku (CLE),148.5,13.5,64.0,97.0,15.3%,70.0,7.0,505,7.9,254.0,4.0,251.0,3.9,71.0,1.1,4.0,5.0,17.0,4.0,0.0,0.0,12.0,99.0,5.101010101010101,0.9797979797979798,16.0,7.0,11.0,2024,TE,CLE,00-0033885,D.Njoku,97.0,251.0,97.0,97.0,1.0,3.0999999999999943,2.3203125,1.5309278350515463,1
7.0,Pat Freiermuth (PIT),148.2,9.9,63.0,98.0,17.9%,68.0,5.0,732,11.6,441.0,7.0,291.0,4.6,126.0,2.0,6.0,2.0,31.0,9.0,2.0,1.0,10.0,98.0,7.469387755102041,1.0,13.0,1.0,15.0,2022,TE,PIT,00-0036894,P.Freiermuth,98.0,281.0,98.0,98.0,1.0,7.0,2.352380952380952,1.5122448979591836,1
12.0,Antonio Gates (FA),147.8,10.6,53.0,93.0,16.5%,111.0,5.0,548,10.3,360.0,6.8,188.0,3.5,70.0,1.3,3.0,7.0,25.0,5.0,0.0,0.0,11.0,94.0,5.829787234042553,0.9893617021276596,23.0,6.0,14.0,2016,TE,LAC,00-0021547,A.Gates,93.0,188.0,93.0,146.0,0.636986301369863,0.0,2.788679245283019,1.589247311827957,0
8.0,Cole Kmet (CHI),147.3,8.7,50.0,69.0,19.2%,52.0,2.0,544,10.9,193.0,3.9,351.0,7.0,64.0,1.3,3.0,7.0,23.0,6.0,1.0,1.0,10.0,70.0,7.771428571428571,0.9857142857142858,11.0,3.0,17.0,2022,TE,CHI,00-0036290,C.Kmet,69.0,286.0,69.0,69.0,1.0,6.100000000000023,2.946,2.1347826086956525,0
8.0,Trey Burton (FA),147.1,9.2,54.0,76.0,15.1%,57.0,3.0,569,10.5,379.0,7.0,190.0,3.5,32.0,0.6,1.0,6.0,21.0,7.0,2.0,1.0,7.0,77.0,7.389610389610389,0.987012987012987,16.0,4.0,16.0,2018,TE,CHI,00-0030710,T.Burton,76.0,190.0,76.0,76.0,1.0,16.5,2.724074074074074,1.9355263157894735,0
14.0,Tyler Higbee (LAR),147.0,9.8,61.0,85.0,14.1%,64.0,3.0,560,9.2,279.0,4.6,281.0,4.6,78.0,1.3,1.0,5.0,24.0,3.0,1.0,0.0,18.0,99.0,6.818181818181818,1.0,21.0,5.0,15.0,2021,TE,LA,00-0033110,T.Higbee,99.0,320.0,85.0,85.0,1.0,-12.0,2.4098360655737703,1.7294117647058824,0
9.0,Jason Witten (FA),147.0,9.2,63.0,87.0,17.9%,64.0,1.0,560,8.9,455.0,7.2,105.0,1.7,28.0,0.4,0.0,5.0,17.0,3.0,0.0,0.0,5.0,87.0,6.436781609195402,1.0,13.0,0.0,16.0,2017,TE,DAL,00-0022127,J.Witten,87.0,105.0,87.0,87.0,1.0,14.199999999999989,2.3333333333333335,1.6896551724137931,0
11.0,Dalton Schultz (HOU),146.5,9.2,63.0,89.0,14.4%,68.0,4.0,615,9.8,336.0,5.3,279.0,4.4,115.0,1.8,8.0,4.0,27.0,3.0,0.0,0.0,14.0,89.0,6.910112359550562,1.0,14.0,2.0,16.0,2020,TE,DAL,00-0034383,D.Schultz,89.0,279.0,89.0,89.0,1.0,1.1999999999999886,2.3253968253968256,1.646067415730337,0
9.0,Taysom Hill (NO),145.8,9.1,9.0,13.0,2.6%,9.0,0.0,77,8.6,40.0,4.4,37.0,4.1,9.0,1.0,0.0,2.0,3.0,1.0,1.0,0.0,3.0,186.0,9.564516129032258,0.9946236559139784,16.0,7.0,16.0,2022,TE,MIA,00-0033040,T.Hill,185.0,517.0,13.0,65.0,0.2,4.600000000000023,16.200000000000003,11.215384615384616,0
12.0,Hunter Henry (NE),145.4,9.1,66.0,97.0,19.4%,68.0,2.0,674,10.2,406.0,6.2,268.0,4.1,97.0,1.5,2.0,2.0,31.0,4.0,3.0,0.0,16.0,97.0,6.948453608247423,1.0,18.0,3.0,16.0,2024,TE,NE,00-0033090,H.Henry,97.0,268.0,97.0,156.0,0.6217948717948718,0.0,2.203030303030303,1.4989690721649485,1
13.0,Jack Doyle (FA),145.4,9.1,59.0,75.0,13.1%,117.0,3.0,584,9.9,338.0,5.7,246.0,4.2,70.0,1.2,3.0,5.0,27.0,5.0,0.0,0.0,5.0,75.0,7.786666666666667,1.0,13.0,2.0,16.0,2016,TE,IND,00-0030181,J.Doyle,75.0,246.0,75.0,127.0,0.5905511811023622,-2.4000000000000057,2.464406779661017,1.9386666666666668,0
12.0,Hunter Henry (NE),145.3,10.4,60.0,93.0,15.2%,64.0,2.0,613,10.2,369.0,6.2,244.0,4.1,96.0,1.6,3.0,4.0,29.0,5.0,1.0,0.0,14.0,93.0,6.591397849462366,1.0,14.0,5.0,14.0,2020,TE,LAC,00-0033090,H.Henry,93.0,226.0,93.0,93.0,1.0,0.0,2.421666666666667,1.5623655913978496,0
15.0,T.J. Hockenson (MIN),145.3,12.1,61.0,84.0,14.8%,62.0,1.0,583,9.6,384.0,6.3,199.0,3.3,56.0,0.9,4.0,4.0,24.0,8.0,1.0,0.0,9.0,86.0,6.77906976744186,0.9767441860465116,12.0,2.0,12.0,2021,TE,DET,00-0035229,T.Hockenson,84.0,199.0,84.0,84.0,1.0,-13.699999999999989,2.3819672131147542,1.7297619047619048,0
10.0,Dallas Goedert (PHI),144.7,9.6,58.0,87.0,14.4%,63.0,5.0,607,10.5,276.0,4.8,331.0,5.7,112.0,1.9,5.0,5.0,25.0,8.0,0.0,0.0,11.0,95.0,7.157894736842105,1.0,12.0,4.0,15.0,2019,TE,PHI,00-0034351,D.Goedert,95.0,351.0,87.0,222.0,0.3918918918918919,8.699999999999989,2.4948275862068963,1.6632183908045977,0
14.0,Eric Ebron (FA),144.2,11.1,61.0,85.0,14.7%,126.0,4.0,711,11.7,428.0,7.0,283.0,4.6,88.0,1.4,2.0,1.0,31.0,7.0,2.0,1.0,3.0,91.0,8.065934065934066,1.0,7.0,1.0,13.0,2016,TE,DET,00-0031387,E.Ebron,91.0,295.0,85.0,85.0,1.0,-3.6000000000000227,2.363934426229508,1.696470588235294,0
9.0,David Njoku (CLE),143.9,9.0,56.0,88.0,15.8%,62.0,6.0,639,11.4,333.0,5.9,306.0,5.5,174.0,3.1,6.0,4.0,23.0,9.0,2.0,2.0,6.0,88.0,7.261363636363637,1.0,8.0,3.0,16.0,2018,TE,CLE,00-0033885,D.Njoku,88.0,306.0,88.0,88.0,1.0,13.300000000000011,2.569642857142857,1.6352272727272728,0
13.0,Jimmy Graham (FA),143.6,9.0,50.0,76.0,12.8%,51.0,1.0,456,9.1,258.0,5.2,198.0,4.0,37.0,0.7,1.0,8.0,21.0,4.0,1.0,0.0,19.0,78.0,6.166666666666667,1.0,21.0,7.0,16.0,2020,TE,CHI,00-0027696,J.Graham,78.0,202.0,76.0,76.0,1.0,-1.700000000000017,2.872,1.8894736842105262,0
12.0,Taysom Hill (NO),143.5,9.0,33.0,40.0,6.9%,35.0,1.0,291,8.8,158.0,4.8,133.0,4.0,42.0,1.3,3.0,2.0,10.0,2.0,1.0,0.0,4.0,180.0,10.338888888888889,0.9944444444444444,27.0,10.0,16.0,2023,TE,MIA,00-0033040,T.Hill,179.0,683.0,40.0,40.0,1.0,0.0,4.348484848484849,3.5875,0
10.0,Cameron Brate (FA),143.1,8.9,48.0,77.0,12.9%,51.0,3.0,591,12.3,448.0,9.3,143.0,3.0,28.0,0.6,0.0,6.0,33.0,4.0,1.0,0.0,7.0,77.0,7.675324675324675,1.0,13.0,1.0,16.0,2017,TE,TB,00-0031273,C.Brate,77.0,143.0,77.0,116.0,0.6637931034482759,10.299999999999985,2.9812499999999997,1.8584415584415583,0
10.0,Dalton Schultz (HOU),142.7,9.5,57.0,89.0,16.3%,63.0,6.0,577,10.1,373.0,6.5,204.0,3.6,58.0,1.0,5.0,5.0,24.0,5.0,1.0,0.0,16.0,107.0,6.5327102803738315,1.0,20.0,3.0,15.0,2022,TE,DAL,00-0034383,D.Schultz,107.0,222.0,89.0,89.0,1.0,1.5,2.5035087719298246,1.6033707865168538,0
11.0,David Njoku (CLE),142.0,10.1,58.0,80.0,15.8%,61.0,3.0,628,10.8,290.0,5.0,338.0,5.8,82.0,1.4,3.0,4.0,26.0,8.0,2.0,0.0,20.0,80.0,7.85,1.0,20.0,4.0,14.0,2022,TE,CLE,00-0033885,D.Njoku,80.0,332.0,80.0,80.0,1.0,0.8000000000000114,2.4482758620689653,1.775,0
14.0,Eric Ebron (FA),141.8,9.5,56.0,91.0,14.0%,63.0,7.0,558,10.0,366.0,6.5,192.0,3.4,59.0,1.1,0.0,5.0,24.0,6.0,0.0,0.0,16.0,103.0,6.019417475728155,0.9902912621359224,23.0,6.0,15.0,2020,TE,PIT,00-0031387,E.Ebron,102.0,228.0,91.0,91.0,1.0,-3.5,2.5321428571428575,1.5582417582417583,0
13.0,Mike Gesicki (CIN),141.5,8.3,65.0,83.0,13.2%,71.0,5.0,665,10.2,420.0,6.5,245.0,3.8,55.0,0.8,0.0,2.0,29.0,5.0,2.0,1.0,10.0,83.0,8.012048192771084,1.0,10.0,3.0,17.0,2024,TE,CIN,00-0034829,M.Gesicki,83.0,245.0,83.0,83.0,1.0,-3.9000000000000057,2.1769230769230767,1.7048192771084338,0
12.0,Dallas Goedert (PHI),141.2,11.8,55.0,69.0,13.7%,56.0,1.0,702,12.8,282.0,5.1,420.0,7.6,72.0,1.3,2.0,3.0,34.0,11.0,1.0,0.0,8.0,87.0,9.689655172413794,1.0,14.0,2.0,12.0,2022,TE,PHI,00-0034351,D.Goedert,87.0,473.0,69.0,69.0,1.0,0.0,2.567272727272727,2.046376811594203,0
15.0,Evan Engram (DEN),141.0,8.8,63.0,109.0,21.8%,76.0,11.0,654,10.4,367.0,5.8,287.0,4.6,95.0,1.5,4.0,1.0,26.0,6.0,3.0,2.0,13.0,109.0,6.0,1.0,16.0,2.0,16.0,2020,TE,NYG,00-0033881,E.Engram,109.0,287.0,109.0,109.0,1.0,-4.300000000000011,2.238095238095238,1.2935779816513762,1
14.0,Cade Otton (TB),140.6,10.0,59.0,87.0,15.5%,67.0,8.0,600,10.2,289.0,4.9,311.0,5.3,145.0,2.5,6.0,4.0,22.0,7.0,2.0,1.0,14.0,89.0,7.101123595505618,1.0,16.0,6.0,14.0,2024,TE,TB,00-0038129,C.Otton,89.0,330.0,87.0,87.0,1.0,-4.800000000000011,2.383050847457627,1.6160919540229883,0
16.0,Jonnu Smith (PIT),140.2,9.3,41.0,65.0,13.9%,45.0,3.0,448,10.9,210.0,5.1,238.0,5.8,58.0,1.4,2.0,8.0,17.0,4.0,2.0,1.0,17.0,69.0,6.6231884057971016,0.9855072463768116,20.0,9.0,15.0,2020,TE,TEN,00-0033858,J.Smith,68.0,240.0,65.0,65.0,1.0,-5.100000000000023,3.419512195121951,2.1569230769230767,0
11.0,Jason Witten (FA),139.9,8.7,63.0,83.0,14.4%,70.0,6.0,529,8.4,367.0,5.8,162.0,2.6,46.0,0.7,0.0,4.0,15.0,2.0,1.0,0.0,10.0,85.0,6.223529411764706,0.976470588235294,12.0,6.0,16.0,2019,TE,DAL,00-0022127,J.Witten,83.0,162.0,83.0,83.0,1.0,3.9000000000000057,2.2206349206349207,1.685542168674699,0
13.0,Gerald Everett (FA),139.5,9.3,58.0,87.0,12.7%,68.0,9.0,555,9.6,229.0,3.9,326.0,5.6,100.0,1.7,5.0,4.0,26.0,4.0,0.0,0.0,15.0,96.0,6.916666666666667,0.9895833333333334,19.0,6.0,15.0,2022,TE,LAC,00-0033895,G.Everett,95.0,401.0,87.0,87.0,1.0,-1.6999999999999886,2.4051724137931036,1.603448275862069,0
16.0,Tyler Conklin (LAC),138.3,8.1,61.0,87.0,15.1%,64.0,3.0,593,9.7,266.0,4.4,327.0,5.4,63.0,1.0,0.0,3.0,23.0,4.0,2.0,1.0,16.0,87.0,6.816091954022989,1.0,16.0,3.0,17.0,2021,TE,MIN,00-0034270,T.Conklin,87.0,326.0,87.0,87.0,1.0,-20.69999999999999,2.2672131147540986,1.5896551724137933,0
15.0,Coby Fleener (FA),137.3,8.6,50.0,81.0,12.2%,105.0,4.0,631,12.6,419.0,8.4,212.0,4.2,51.0,1.0,1.0,3.0,20.0,6.0,6.0,1.0,12.0,82.0,7.695121951219512,0.9878048780487804,20.0,6.0,16.0,2016,TE,NO,00-0029697,C.Fleener,81.0,212.0,81.0,81.0,1.0,-10.5,2.7460000000000004,1.695061728395062,0
13.0,Kyle Pitts Sr. (ATL),137.3,8.1,53.0,90.0,17.7%,57.0,4.0,667,12.6,533.0,10.1,134.0,2.5,30.0,0.6,0.0,3.0,32.0,7.0,3.0,0.0,5.0,,,,,,17.0,2023,TE,,,,,,90.0,,,-6.199999999999989,2.5905660377358495,1.5255555555555558,0
11.0,Benjamin Watson (FA),137.2,8.6,61.0,79.0,14.1%,65.0,4.0,522,8.6,259.0,4.2,263.0,4.3,74.0,1.2,0.0,4.0,22.0,3.0,2.0,0.0,5.0,80.0,6.525,0.9875,14.0,4.0,16.0,2017,TE,BAL,00-0022943,B.Watson,79.0,263.0,79.0,79.0,1.0,4.399999999999977,2.2491803278688525,1.7367088607594936,0
14.0,Dallas Goedert (PHI),136.3,9.7,59.0,83.0,15.8%,61.0,2.0,592,10.0,273.0,4.6,319.0,5.4,101.0,1.7,2.0,3.0,24.0,6.0,1.0,1.0,10.0,89.0,6.887640449438202,1.0,12.0,2.0,14.0,2023,TE,PHI,00-0034351,D.Goedert,89.0,326.0,83.0,83.0,1.0,-7.199999999999989,2.310169491525424,1.6421686746987953,0
16.0,Charles Clay (FA),136.2,9.1,57.0,87.0,19.0%,119.0,7.0,552,9.7,360.0,6.3,192.0,3.4,90.0,1.6,2.0,4.0,21.0,2.0,2.0,1.0,8.0,87.0,6.344827586206897,1.0,14.0,1.0,15.0,2016,TE,BUF,00-0028112,C.Clay,87.0,192.0,87.0,87.0,1.0,-11.600000000000025,2.389473684210526,1.5655172413793101,0
12.0,Mike Gesicki (CIN),136.0,8.5,51.0,89.0,14.7%,53.0,0.0,570,11.2,408.0,8.0,162.0,3.2,45.0,0.9,0.0,5.0,27.0,7.0,3.0,0.0,11.0,89.0,6.404494382022472,1.0,11.0,1.0,16.0,2019,TE,MIA,00-0034829,M.Gesicki,89.0,175.0,89.0,89.0,1.0,0.0,2.6666666666666665,1.5280898876404494,0
14.0,Dawson Knox (BUF),135.7,9.0,48.0,65.0,11.7%,53.0,4.0,517,10.8,324.0,6.8,193.0,4.0,61.0,1.3,3.0,6.0,21.0,8.0,1.0,1.0,9.0,77.0,7.818181818181818,1.0,14.0,3.0,15.0,2022,TE,BUF,00-0035689,D.Knox,77.0,216.0,65.0,65.0,1.0,-5.5,2.827083333333333,2.0876923076923077,0
15.0,Mark Andrews (BAL),135.4,13.5,45.0,61.0,12.8%,50.0,3.0,544,12.1,327.0,7.3,217.0,4.8,92.0,2.0,4.0,6.0,23.0,8.0,3.0,0.0,14.0,63.0,8.873015873015873,1.0,15.0,5.0,10.0,2023,TE,BAL,00-0034753,M.Andrews,63.0,217.0,61.0,101.0,0.6039603960396039,-8.099999999999994,3.008888888888889,2.219672131147541,0
15.0,Juwan Johnson (NO),134.8,8.4,42.0,65.0,13.2%,45.0,3.0,508,12.1,326.0,7.8,182.0,4.3,63.0,1.5,1.0,7.0,23.0,8.0,1.0,1.0,11.0,65.0,7.815384615384615,1.0,1.0,0.0,16.0,2022,TE,NO,00-0026300,J.Johnson,65.0,7.0,65.0,65.0,1.0,-6.399999999999977,3.2095238095238097,2.073846153846154,0
17.0,C.J. Fiedorowicz (FA),133.9,8.9,54.0,89.0,15.4%,114.0,6.0,559,10.4,347.0,6.4,212.0,3.9,69.0,1.3,3.0,4.0,25.0,5.0,0.0,0.0,5.0,98.0,6.428571428571429,1.0,14.0,3.0,15.0,2016,TE,HOU,00-0031302,C.Fiedorowicz,98.0,235.0,89.0,163.0,0.5460122699386503,-13.900000000000006,2.47962962962963,1.5044943820224719,0
17.0,Darren Waller (MIA),133.5,12.1,55.0,93.0,15.4%,60.0,5.0,665,12.1,423.0,7.7,242.0,4.4,80.0,1.5,3.0,2.0,27.0,13.0,2.0,0.0,13.0,105.0,7.057142857142857,1.0,18.0,2.0,11.0,2021,TE,LV,00-0031610,D.Waller,105.0,258.0,93.0,137.0,0.6788321167883211,-25.5,2.4272727272727272,1.435483870967742,0
10.0,Vance McDonald (FA),133.0,8.9,50.0,72.0,10.7%,54.0,4.0,610,12.2,223.0,4.5,387.0,7.7,195.0,3.9,10.0,4.0,25.0,6.0,3.0,2.0,5.0,72.0,8.472222222222221,1.0,10.0,3.0,15.0,2018,TE,PIT,00-0030470,V.McDonald,72.0,387.0,72.0,111.0,0.6486486486486487,2.4000000000000057,2.66,1.8472222222222223,0
12.0,Jared Cook (FA),132.8,8.3,54.0,86.0,15.6%,62.0,8.0,688,12.7,447.0,8.3,241.0,4.5,41.0,0.8,3.0,2.0,31.0,9.0,1.0,0.0,4.0,86.0,8.0,1.0,9.0,2.0,16.0,2017,TE,LV,00-0027061,J.Cook,86.0,241.0,86.0,86.0,1.0,0.0,2.4592592592592593,1.544186046511628,0
18.0,Jared Cook (FA),132.4,8.3,48.0,83.0,12.6%,56.0,6.0,564,11.8,326.0,6.8,238.0,5.0,62.0,1.3,0.0,4.0,28.0,7.0,1.0,1.0,13.0,85.0,6.635294117647059,0.976470588235294,15.0,6.0,16.0,2021,TE,LAC,00-0027061,J.Cook,83.0,238.0,83.0,83.0,1.0,-26.59999999999999,2.7583333333333333,1.5951807228915664,0
13.0,Eric Ebron (FA),132.4,8.3,53.0,86.0,15.2%,58.0,6.0,574,10.8,316.0,6.0,258.0,4.9,68.0,1.3,2.0,4.0,25.0,4.0,2.0,1.0,4.0,86.0,6.674418604651163,1.0,12.0,2.0,16.0,2017,TE,DET,00-0031387,E.Ebron,86.0,258.0,86.0,86.0,1.0,-0.4000000000000057,2.4981132075471697,1.5395348837209304,0
16.0,Tyler Conklin (LAC),131.5,7.7,58.0,87.0,14.8%,65.0,4.0,552,9.5,258.0,4.4,294.0,5.1,58.0,1.0,2.0,3.0,18.0,6.0,1.0,0.0,4.0,87.0,6.344827586206897,1.0,5.0,2.0,17.0,2022,TE,NYJ,00-0034270,T.Conklin,87.0,284.0,87.0,87.0,1.0,-9.699999999999989,2.2672413793103448,1.5114942528735633,0
15.0,Kyle Pitts Sr. (ATL),131.2,7.7,47.0,74.0,13.7%,51.0,4.0,602,12.8,330.0,7.0,272.0,5.8,121.0,2.6,4.0,4.0,21.0,7.0,5.0,3.0,13.0,,,,,,17.0,2024,TE,,,,,,74.0,,,-14.200000000000015,2.7914893617021272,1.7729729729729728,0
11.0,Rob Gronkowski (FA),131.2,10.1,47.0,72.0,12.9%,49.0,3.0,682,14.5,500.0,10.6,182.0,3.9,80.0,1.7,1.0,3.0,31.0,8.0,4.0,1.0,2.0,91.0,9.593406593406591,1.0,9.0,1.0,13.0,2018,TE,NE,00-0027656,R.Gronkowski,91.0,264.0,72.0,72.0,1.0,0.5999999999999943,2.7914893617021272,1.822222222222222,0
14.0,Eric Ebron (FA),130.7,9.3,47.0,70.0,11.3%,101.0,8.0,537,11.4,246.0,5.2,291.0,6.2,81.0,1.7,2.0,5.0,20.0,3.0,2.0,2.0,8.0,70.0,7.671428571428572,1.0,8.0,2.0,14.0,2015,TE,DET,00-0031387,E.Ebron,70.0,291.0,70.0,70.0,1.0,-18.30000000000001,2.780851063829787,1.867142857142857,0
13.0,Jacob Tamme (FA),130.7,8.7,59.0,81.0,13.1%,117.0,3.0,657,11.1,461.0,7.8,196.0,3.3,74.0,1.3,6.0,1.0,27.0,5.0,2.0,1.0,5.0,81.0,8.11111111111111,1.0,8.0,1.0,15.0,2015,TE,ATL,00-0026267,J.Tamme,81.0,196.0,81.0,81.0,1.0,-18.30000000000001,2.215254237288135,1.61358024691358,0
12.0,Jimmy Graham (FA),130.6,8.2,55.0,89.0,14.5%,60.0,3.0,636,11.6,375.0,6.8,261.0,4.7,58.0,1.1,2.0,2.0,29.0,7.0,2.0,1.0,5.0,89.0,7.146067415730337,1.0,9.0,4.0,16.0,2018,TE,GB,00-0027696,J.Graham,89.0,261.0,89.0,89.0,1.0,0.0,2.3745454545454545,1.4674157303370785,0
18.0,Gary Barnidge (FA),130.2,8.1,55.0,82.0,14.7%,109.0,6.0,612,11.1,372.0,6.8,240.0,4.4,48.0,0.9,0.0,2.0,25.0,4.0,3.0,1.0,5.0,83.0,7.373493975903615,0.9879518072289156,6.0,3.0,16.0,2016,TE,CLE,00-0026281,G.Barnidge,82.0,240.0,82.0,82.0,1.0,-17.600000000000023,2.367272727272727,1.5878048780487803,0
19.0,Hunter Henry (NE),129.8,8.7,36.0,53.0,9.4%,74.0,1.0,478,13.3,284.0,7.9,194.0,5.4,60.0,1.7,2.0,8.0,21.0,5.0,2.0,1.0,9.0,54.0,8.851851851851851,0.9814814814814816,18.0,3.0,15.0,2016,TE,LAC,00-0033090,H.Henry,53.0,194.0,53.0,146.0,0.363013698630137,-18.0,3.605555555555556,2.449056603773585,0
15.0,Kyle Rudolph (FA),128.5,8.0,49.0,73.0,16.5%,92.0,2.0,495,10.1,302.0,6.2,193.0,3.9,65.0,1.3,3.0,5.0,18.0,2.0,2.0,1.0,10.0,74.0,7.013513513513513,1.0,11.0,5.0,16.0,2015,TE,MIN,00-0027981,K.Rudolph,74.0,219.0,73.0,73.0,1.0,-20.5,2.622448979591837,1.7602739726027397,0
19.0,C.J. Uzomah (FA),128.3,8.0,49.0,63.0,11.7%,54.0,4.0,493,10.1,193.0,3.9,300.0,6.1,108.0,2.2,5.0,5.0,17.0,7.0,4.0,1.0,7.0,81.0,7.888888888888889,1.0,10.0,2.0,16.0,2021,TE,CIN,00-0032134,C.Uzomah,81.0,380.0,63.0,63.0,1.0,-30.69999999999999,2.6183673469387756,2.036507936507937,0
17.0,Tyler Higbee (LAR),128.2,8.5,44.0,60.0,10.7%,47.0,3.0,521,11.8,283.0,6.4,238.0,5.4,106.0,2.4,4.0,5.0,18.0,9.0,4.0,1.0,6.0,66.0,8.030303030303031,0.9848484848484848,7.0,5.0,15.0,2020,TE,LA,00-0033110,T.Higbee,65.0,238.0,60.0,122.0,0.4918032786885246,-17.100000000000023,2.9136363636363636,2.1366666666666663,0
16.0,Heath Miller (FA),127.7,8.5,60.0,81.0,13.9%,120.0,1.0,535,8.9,323.0,5.4,212.0,3.5,44.0,0.7,1.0,2.0,20.0,5.0,0.0,0.0,13.0,88.0,6.238636363636363,0.9886363636363636,15.0,4.0,15.0,2015,TE,PIT,00-0023465,H.Miller,87.0,217.0,81.0,81.0,1.0,-21.299999999999997,2.1283333333333334,1.5765432098765433,0
18.0,Jared Cook (FA),127.4,8.5,37.0,60.0,11.8%,39.0,2.0,504,13.6,380.0,10.3,124.0,3.4,60.0,1.6,2.0,7.0,21.0,6.0,3.0,3.0,12.0,74.0,7.72972972972973,1.0,16.0,1.0,15.0,2020,TE,NO,00-0027061,J.Cook,74.0,147.0,60.0,60.0,1.0,-17.900000000000006,3.4432432432432436,2.1233333333333335,0
14.0,Hunter Henry (NE),126.9,9.1,45.0,62.0,10.8%,48.0,3.0,579,12.9,358.0,8.0,221.0,4.9,48.0,1.1,1.0,4.0,27.0,6.0,2.0,0.0,6.0,62.0,9.338709677419354,1.0,12.0,2.0,14.0,2017,TE,LAC,00-0033090,H.Henry,62.0,221.0,62.0,62.0,1.0,-5.900000000000006,2.8200000000000003,2.046774193548387,0
16.0,Logan Thomas (FA),126.8,7.9,55.0,78.0,13.0%,57.0,2.0,496,9.0,267.0,4.9,229.0,4.2,58.0,1.1,1.0,4.0,17.0,3.0,0.0,0.0,9.0,79.0,6.2784810126582276,0.9873417721518988,10.0,6.0,16.0,2023,TE,WAS,00-0031260,L.Thomas,78.0,229.0,78.0,78.0,1.0,-16.700000000000003,2.305454545454545,1.6256410256410256,0
13.0,Evan Engram (DEN),126.3,11.5,45.0,64.0,11.1%,48.0,3.0,577,12.8,189.0,4.2,388.0,8.6,109.0,2.4,1.0,3.0,18.0,8.0,6.0,2.0,5.0,65.0,8.876923076923077,0.9846153846153848,9.0,3.0,11.0,2018,TE,NYG,00-0033881,E.Engram,64.0,388.0,64.0,64.0,1.0,-4.299999999999997,2.8066666666666666,1.9734375,0
19.0,George Kittle (SF),125.1,15.6,48.0,63.0,11.4%,53.0,5.0,634,13.2,340.0,7.1,294.0,6.1,91.0,1.9,1.0,2.0,30.0,8.0,3.0,2.0,3.0,64.0,9.90625,0.984375,6.0,2.0,8.0,2020,TE,SF,00-0033288,G.Kittle,63.0,297.0,63.0,63.0,1.0,-20.200000000000017,2.6062499999999997,1.9857142857142855,0
15.0,Tyler Kroft (FA),124.4,7.8,42.0,62.0,12.7%,45.0,3.0,404,9.6,211.0,5.0,193.0,4.6,84.0,2.0,2.0,7.0,19.0,3.0,1.0,1.0,8.0,62.0,6.516129032258065,1.0,12.0,7.0,16.0,2017,TE,CIN,00-0032214,T.Kroft,62.0,193.0,62.0,62.0,1.0,-8.400000000000006,2.961904761904762,2.0064516129032257,0
17.0,Jonnu Smith (PIT),124.2,7.3,50.0,70.0,13.8%,54.0,4.0,582,11.6,225.0,4.5,357.0,7.1,118.0,2.4,6.0,3.0,25.0,4.0,3.0,2.0,9.0,70.0,8.314285714285715,1.0,10.0,5.0,17.0,2023,TE,ATL,00-0033858,J.Smith,70.0,357.0,70.0,70.0,1.0,-19.299999999999997,2.484,1.7742857142857142,0
13.0,Greg Olsen (FA),123.7,8.8,52.0,82.0,13.7%,57.0,3.0,597,11.5,396.0,7.6,201.0,3.9,42.0,0.8,2.0,2.0,24.0,6.0,2.0,1.0,12.0,83.0,7.192771084337349,0.9879518072289156,15.0,5.0,14.0,2019,TE,CAR,00-0025418,G.Olsen,82.0,201.0,82.0,82.0,1.0,-12.299999999999995,2.378846153846154,1.5085365853658537,0
16.0,Isaiah Likely (BAL),123.7,7.7,42.0,58.0,12.7%,43.0,2.0,477,11.4,221.0,5.3,256.0,6.1,76.0,1.8,3.0,6.0,18.0,4.0,2.0,2.0,13.0,68.0,8.867647058823529,0.9852941176470588,14.0,3.0,16.0,2024,TE,BAL,00-0037838,I.Likely,67.0,297.0,58.0,127.0,0.4566929133858268,-21.700000000000003,2.9452380952380954,2.132758620689655,0
18.0,Tyler Conklin (LAC),123.1,7.2,61.0,87.0,15.5%,63.0,2.0,621,10.2,375.0,6.1,246.0,4.0,83.0,1.4,2.0,0.0,21.0,7.0,2.0,0.0,9.0,87.0,7.137931034482759,1.0,9.0,1.0,17.0,2023,TE,NYJ,00-0034270,T.Conklin,87.0,246.0,87.0,87.0,1.0,-20.40000000000001,2.0180327868852457,1.414942528735632,0
17.0,Coby Fleener (FA),123.1,7.7,54.0,84.0,13.9%,111.0,4.0,491,9.1,313.0,5.8,178.0,3.3,44.0,0.8,0.0,3.0,16.0,3.0,1.0,1.0,11.0,85.0,5.776470588235294,0.9882352941176472,12.0,3.0,16.0,2015,TE,IND,00-0029697,C.Fleener,84.0,178.0,84.0,84.0,1.0,-25.90000000000001,2.2796296296296297,1.4654761904761904,0
17.0,Juwan Johnson (NO),122.8,7.2,50.0,66.0,12.8%,53.0,3.0,548,11.0,336.0,6.7,212.0,4.2,49.0,1.0,3.0,3.0,26.0,8.0,1.0,0.0,6.0,68.0,8.058823529411764,0.9705882352941176,1.0,0.0,17.0,2024,TE,NO,00-0026300,J.Johnson,66.0,212.0,66.0,66.0,1.0,-22.60000000000001,2.456,1.8606060606060606,0
17.0,Noah Fant (CIN),122.6,7.2,50.0,63.0,11.4%,51.0,1.0,486,9.7,265.0,5.3,221.0,4.4,31.0,0.6,0.0,4.0,20.0,4.0,2.0,1.0,8.0,65.0,7.6461538461538465,1.0,10.0,2.0,17.0,2022,TE,SEA,00-0035644,N.Fant,65.0,232.0,63.0,63.0,1.0,-18.59999999999999,2.452,1.946031746031746,0
18.0,Tyler Conklin (LAC),121.9,7.6,51.0,72.0,12.2%,52.0,1.0,449,8.8,187.0,3.7,262.0,5.1,76.0,1.5,0.0,4.0,21.0,7.0,0.0,0.0,8.0,73.0,6.1506849315068495,0.9863013698630136,10.0,6.0,16.0,2024,TE,NYJ,00-0034270,T.Conklin,72.0,262.0,72.0,72.0,1.0,-23.5,2.3901960784313725,1.6930555555555555,0
16.0,Vernon Davis (FA),121.8,7.6,43.0,69.0,12.9%,48.0,4.0,648,15.1,342.0,8.0,306.0,7.1,87.0,2.0,2.0,3.0,25.0,5.0,6.0,2.0,3.0,69.0,9.391304347826088,1.0,9.0,1.0,16.0,2017,TE,WAS,00-0024221,V.Davis,69.0,306.0,69.0,69.0,1.0,-11.000000000000014,2.832558139534884,1.7652173913043478,0
18.0,Charles Clay (FA),121.8,9.4,51.0,77.0,16.7%,103.0,5.0,528,10.4,291.0,5.7,237.0,4.6,66.0,1.3,7.0,3.0,18.0,8.0,1.0,1.0,3.0,77.0,6.857142857142857,1.0,3.0,0.0,13.0,2015,TE,BUF,00-0028112,C.Clay,77.0,237.0,77.0,77.0,1.0,-27.200000000000003,2.388235294117647,1.5818181818181818,0
19.0,Julius Thomas (FA),121.5,10.1,46.0,80.0,13.3%,97.0,8.0,455,9.9,310.0,6.7,145.0,3.2,36.0,0.8,1.0,5.0,16.0,3.0,2.0,0.0,9.0,82.0,5.548780487804878,0.975609756097561,11.0,6.0,12.0,2015,TE,JAX,00-0028067,J.Thomas,80.0,145.0,80.0,80.0,1.0,-27.5,2.641304347826087,1.51875,0
20.0,Cole Kmet (CHI),121.2,7.1,60.0,93.0,17.7%,67.0,5.0,612,10.2,366.0,6.1,246.0,4.1,97.0,1.6,4.0,0.0,31.0,7.0,0.0,0.0,12.0,93.0,6.580645161290323,1.0,15.0,2.0,17.0,2021,TE,CHI,00-0036290,C.Kmet,93.0,246.0,93.0,93.0,1.0,-37.8,2.02,1.303225806451613,0
20.0,Jimmy Graham (FA),120.5,11.0,48.0,74.0,15.7%,97.0,2.0,605,12.6,385.0,8.0,220.0,4.6,94.0,2.0,3.0,2.0,22.0,7.0,4.0,1.0,8.0,75.0,8.066666666666666,0.9866666666666668,10.0,2.0,11.0,2015,TE,SEA,00-0027696,J.Graham,74.0,220.0,74.0,74.0,1.0,-28.5,2.5104166666666665,1.6283783783783783,0
14.0,O.J. Howard (FA),120.5,12.1,34.0,48.0,7.8%,35.0,1.0,565,16.6,356.0,10.5,209.0,6.1,98.0,2.9,1.0,5.0,25.0,11.0,3.0,1.0,3.0,48.0,11.770833333333334,1.0,7.0,2.0,10.0,2018,TE,TB,00-0033879,O.Howard,48.0,209.0,48.0,97.0,0.4948453608247423,-10.099999999999994,3.5441176470588234,2.5104166666666665,0
19.0,Cole Kmet (CHI),120.4,7.1,47.0,55.0,10.4%,48.0,1.0,474,10.1,293.0,6.2,181.0,3.9,47.0,1.0,1.0,4.0,19.0,7.0,1.0,0.0,8.0,59.0,8.033898305084746,0.9322033898305084,12.0,6.0,17.0,2024,TE,CHI,00-0036290,C.Kmet,55.0,181.0,55.0,55.0,1.0,-25.0,2.5617021276595744,2.189090909090909,0
19.0,Hunter Henry (NE),119.9,8.6,42.0,61.0,11.3%,45.0,3.0,419,10.0,341.0,8.1,78.0,1.9,35.0,0.8,2.0,6.0,16.0,2.0,0.0,0.0,6.0,61.0,6.868852459016393,1.0,6.0,1.0,14.0,2023,TE,NE,00-0033090,H.Henry,61.0,78.0,61.0,61.0,1.0,-23.59999999999999,2.854761904761905,1.9655737704918033,0
15.0,Jordan Reed (FA),119.8,9.2,54.0,84.0,17.2%,59.0,3.0,558,10.3,327.0,6.1,231.0,4.3,48.0,0.9,4.0,2.0,20.0,7.0,1.0,0.0,5.0,84.0,6.642857142857143,1.0,7.0,1.0,13.0,2018,TE,WAS,00-0030472,J.Reed,84.0,231.0,84.0,84.0,1.0,-10.799999999999995,2.2185185185185183,1.4261904761904762,0
17.0,Austin Hooper (NE),119.6,7.5,49.0,65.0,12.6%,56.0,6.0,526,10.7,264.0,5.4,262.0,5.3,116.0,2.4,4.0,3.0,18.0,3.0,2.0,2.0,2.0,71.0,7.661971830985915,1.0,12.0,4.0,16.0,2017,TE,ATL,00-0032392,A.Hooper,71.0,265.0,65.0,65.0,1.0,-13.200000000000015,2.440816326530612,1.8399999999999999,0
20.0,Zach Miller (FA),119.6,12.0,47.0,64.0,11.6%,88.0,0.0,486,10.3,265.0,5.6,221.0,4.7,94.0,2.0,4.0,4.0,20.0,4.0,1.0,0.0,5.0,64.0,7.59375,1.0,8.0,2.0,10.0,2016,TE,CHI,00-0027125,Z.Miller,64.0,221.0,64.0,64.0,1.0,-28.200000000000017,2.5446808510638297,1.86875,0
20.0,Dalton Schultz (HOU),118.2,7.0,53.0,85.0,15.5%,57.0,4.0,532,10.0,318.0,6.0,214.0,4.0,62.0,1.2,0.0,2.0,20.0,5.0,1.0,0.0,7.0,93.0,6.645161290322581,1.0,8.0,0.0,17.0,2024,TE,HOU,00-0034383,D.Schultz,93.0,237.0,85.0,85.0,1.0,-27.200000000000003,2.230188679245283,1.3905882352941177,0
21.0,Gerald Everett (FA),117.8,7.9,48.0,63.0,13.2%,51.0,3.0,478,10.0,229.0,4.8,249.0,5.2,108.0,2.3,9.0,4.0,19.0,5.0,2.0,1.0,8.0,63.0,7.587301587301587,1.0,8.0,4.0,15.0,2021,TE,SEA,00-0033895,G.Everett,63.0,249.0,63.0,63.0,1.0,-41.2,2.4541666666666666,1.8698412698412699,0
18.0,Charles Clay (FA),116.8,9.0,49.0,74.0,15.8%,57.0,5.0,558,11.4,288.0,5.9,270.0,5.5,89.0,1.8,3.0,2.0,23.0,3.0,4.0,1.0,7.0,79.0,7.253164556962025,1.0,11.0,3.0,13.0,2017,TE,BUF,00-0028112,C.Clay,79.0,273.0,74.0,74.0,1.0,-16.000000000000014,2.3836734693877553,1.5783783783783782,0
18.0,Jordan Akins (FA),116.5,7.8,37.0,54.0,9.7%,40.0,3.0,495,13.4,225.0,6.1,270.0,7.3,80.0,2.2,1.0,5.0,20.0,8.0,4.0,1.0,11.0,56.0,8.839285714285714,0.9642857142857144,13.0,3.0,15.0,2022,TE,HOU,00-0034364,J.Akins,54.0,270.0,54.0,54.0,1.0,-24.69999999999999,3.1486486486486487,2.1574074074074074,0
20.0,Cade Otton (TB),116.5,6.9,47.0,67.0,12.2%,50.0,3.0,455,9.7,232.0,4.9,223.0,4.7,53.0,1.1,4.0,4.0,15.0,6.0,0.0,0.0,10.0,87.0,6.9655172413793105,0.9885057471264368,15.0,4.0,17.0,2023,TE,TB,00-0038129,C.Otton,86.0,299.0,67.0,67.0,1.0,-27.0,2.478723404255319,1.7388059701492538,0
20.0,Dallas Goedert (PHI),116.4,10.6,46.0,65.0,11.6%,47.0,1.0,524,11.4,318.0,6.9,206.0,4.5,89.0,1.9,6.0,3.0,23.0,7.0,3.0,1.0,6.0,65.0,8.061538461538461,1.0,6.0,2.0,11.0,2020,TE,PHI,00-0034351,D.Goedert,65.0,202.0,65.0,65.0,1.0,-28.90000000000001,2.5304347826086957,1.790769230769231,0
21.0,Owen Daniels (FA),115.7,7.2,46.0,77.0,12.7%,97.0,6.0,517,11.2,248.0,5.4,269.0,5.8,59.0,1.3,2.0,3.0,22.0,3.0,3.0,0.0,10.0,85.0,6.8,1.0,13.0,2.0,16.0,2015,TE,DEN,00-0024313,O.Daniels,85.0,281.0,77.0,77.0,1.0,-33.3,2.515217391304348,1.5025974025974027,0
19.0,Zach Ertz (WAS),115.6,11.6,47.0,69.0,10.9%,51.0,3.0,406,8.6,276.0,5.9,130.0,2.8,22.0,0.5,2.0,4.0,16.0,2.0,1.0,0.0,15.0,71.0,5.71830985915493,0.971830985915493,17.0,7.0,10.0,2022,TE,ARI,00-0030061,Z.Ertz,69.0,130.0,69.0,69.0,1.0,-25.59999999999999,2.459574468085106,1.6753623188405797,0
22.0,Martellus Bennett (FA),114.9,10.4,53.0,80.0,15.4%,103.0,4.0,439,8.3,215.0,4.1,224.0,4.2,81.0,1.5,3.0,3.0,15.0,5.0,0.0,0.0,8.0,80.0,5.4875,1.0,9.0,4.0,11.0,2015,TE,CHI,00-0026201,M.Bennett,80.0,228.0,80.0,126.0,0.6349206349206349,-34.099999999999994,2.167924528301887,1.43625,0
21.0,Vernon Davis (FA),114.3,7.1,44.0,59.0,9.9%,90.0,1.0,583,13.3,345.0,7.8,238.0,5.4,85.0,1.9,3.0,2.0,22.0,6.0,5.0,1.0,3.0,59.0,9.847457627118644,1.0,7.0,1.0,16.0,2016,TE,WAS,00-0024221,V.Davis,59.0,236.0,59.0,148.0,0.3986486486486486,-33.500000000000014,2.5977272727272727,1.9372881355932203,0
14.0,Kyle Rudolph (FA),113.7,7.1,39.0,48.0,10.9%,39.0,0.0,367,9.4,177.0,4.5,190.0,4.9,52.0,1.3,1.0,6.0,16.0,3.0,1.0,0.0,11.0,59.0,6.813559322033898,0.9830508474576272,14.0,7.0,16.0,2019,TE,MIN,00-0027981,K.Rudolph,58.0,210.0,48.0,48.0,1.0,-22.299999999999997,2.9153846153846152,2.36875,0
21.0,Chig Okonkwo (TEN),113.6,6.7,52.0,70.0,13.8%,55.0,3.0,479,9.2,230.0,4.4,249.0,4.8,113.0,2.2,5.0,2.0,15.0,4.0,1.0,1.0,5.0,71.0,6.802816901408451,0.9859154929577464,6.0,2.0,17.0,2024,TE,TEN,00-0037809,C.Okonkwo,70.0,253.0,70.0,70.0,1.0,-31.80000000000001,2.1846153846153844,1.6228571428571428,0
22.0,Dwayne Allen (FA),113.6,8.1,35.0,52.0,9.1%,72.0,2.0,406,11.6,288.0,8.2,118.0,3.4,26.0,0.7,0.0,6.0,22.0,4.0,0.0,0.0,4.0,53.0,7.660377358490566,0.981132075471698,10.0,4.0,14.0,2016,TE,IND,00-0029689,D.Allen,52.0,118.0,52.0,127.0,0.4094488188976378,-34.20000000000002,3.2457142857142856,2.1846153846153844,0
21.0,Austin Hooper (NE),113.5,8.7,46.0,70.0,15.0%,48.0,2.0,435,9.5,261.0,5.7,174.0,3.8,39.0,0.8,1.0,4.0,18.0,3.0,1.0,0.0,9.0,84.0,5.916666666666667,1.0,14.0,6.0,13.0,2020,TE,CLE,00-0032392,A.Hooper,84.0,180.0,70.0,70.0,1.0,-31.80000000000001,2.467391304347826,1.6214285714285714,0
21.0,Chig Okonkwo (TEN),113.4,6.7,54.0,77.0,16.1%,61.0,6.0,528,9.8,268.0,5.0,260.0,4.8,76.0,1.4,5.0,1.0,25.0,6.0,1.0,0.0,6.0,77.0,6.857142857142857,1.0,6.0,1.0,17.0,2023,TE,TEN,00-0037809,C.Okonkwo,77.0,260.0,77.0,77.0,1.0,-30.09999999999999,2.1,1.4727272727272729,0
22.0,Noah Gray (KC),113.3,6.7,40.0,49.0,8.6%,42.0,2.0,437,10.9,227.0,5.7,210.0,5.3,39.0,1.0,0.0,5.0,21.0,6.0,1.0,0.0,8.0,53.0,8.528301886792454,1.0,10.0,2.0,17.0,2024,TE,KC,00-0036637,N.Gray,53.0,214.0,49.0,182.0,0.2692307692307692,-32.10000000000001,2.8325,2.3122448979591836,0
16.0,Chris Herndon IV (FA),113.2,7.1,39.0,56.0,11.1%,41.0,1.0,502,12.9,325.0,8.3,177.0,4.5,52.0,1.3,1.0,4.0,24.0,9.0,1.0,0.0,7.0,,,,,,16.0,2018,TE,,,,,,56.0,,,-17.39999999999999,2.9025641025641025,2.0214285714285714,0
22.0,Darren Waller (MIA),113.2,9.4,52.0,74.0,15.3%,55.0,3.0,552,10.6,341.0,6.6,211.0,4.1,45.0,0.9,0.0,1.0,21.0,8.0,0.0,0.0,4.0,74.0,7.45945945945946,1.0,4.0,1.0,12.0,2023,TE,NYG,00-0031610,D.Waller,74.0,211.0,74.0,74.0,1.0,-30.299999999999997,2.176923076923077,1.5297297297297299,0
20.0,Robert Tonyan (KC),112.0,6.6,53.0,67.0,12.4%,54.0,1.0,470,8.8,241.0,4.5,227.0,4.3,33.0,0.6,2.0,2.0,17.0,5.0,0.0,0.0,6.0,67.0,7.014925373134329,1.0,9.0,0.0,17.0,2022,TE,GB,00-0033757,R.Tonyan,67.0,230.0,67.0,67.0,1.0,-29.19999999999999,2.1132075471698113,1.671641791044776,0
15.0,Jack Doyle (FA),111.8,7.0,43.0,72.0,14.8%,47.0,3.0,448,10.4,232.0,5.4,216.0,5.0,45.0,1.0,0.0,4.0,21.0,4.0,0.0,0.0,13.0,73.0,6.136986301369863,0.9863013698630136,15.0,5.0,16.0,2019,TE,IND,00-0030181,J.Doyle,72.0,216.0,72.0,72.0,1.0,-24.200000000000003,2.6,1.5527777777777778,0
23.0,Gerald Everett (FA),111.1,7.4,51.0,70.0,11.4%,53.0,2.0,411,8.1,136.0,2.7,275.0,5.4,119.0,2.3,9.0,3.0,16.0,4.0,1.0,0.0,10.0,70.0,5.871428571428571,1.0,11.0,3.0,15.0,2023,TE,LAC,00-0033895,G.Everett,70.0,275.0,70.0,70.0,1.0,-32.400000000000006,2.1784313725490194,1.587142857142857,0
16.0,Noah Fant (CIN),111.0,6.9,40.0,66.0,13.7%,46.0,5.0,562,14.1,232.0,5.8,330.0,8.3,125.0,3.1,3.0,3.0,21.0,10.0,4.0,3.0,9.0,66.0,8.515151515151516,1.0,9.0,4.0,16.0,2019,TE,DEN,00-0035644,N.Fant,66.0,330.0,66.0,66.0,1.0,-25.0,2.775,1.6818181818181819,0
23.0,Will Dissly (LAC),110.1,7.3,50.0,64.0,13.0%,54.0,4.0,481,9.6,178.0,3.6,303.0,6.1,100.0,2.0,4.0,2.0,20.0,5.0,0.0,0.0,8.0,69.0,7.202898550724638,1.0,8.0,1.0,15.0,2024,TE,LAC,00-0034159,W.Dissly,69.0,317.0,64.0,64.0,1.0,-35.30000000000001,2.202,1.7203125,0
17.0,Darren Fells (FA),110.1,6.9,34.0,48.0,9.3%,39.0,3.0,341,10.0,173.0,5.1,168.0,4.9,59.0,1.7,2.0,7.0,16.0,2.0,0.0,0.0,12.0,60.0,6.666666666666667,1.0,14.0,3.0,16.0,2019,TE,HOU,00-0029738,D.Fells,60.0,194.0,48.0,103.0,0.4660194174757281,-25.90000000000001,3.238235294117647,2.2937499999999997,0
21.0,Hayden Hurst (FA),109.9,7.9,54.0,70.0,11.7%,56.0,2.0,439,8.1,237.0,4.4,202.0,3.7,62.0,1.1,5.0,2.0,13.0,5.0,0.0,0.0,9.0,85.0,6.529411764705882,1.0,14.0,4.0,14.0,2022,TE,CIN,00-0034830,H.Hurst,85.0,246.0,70.0,70.0,1.0,-31.299999999999983,2.035185185185185,1.57,0
23.0,Lance Kendricks (FA),109.9,6.9,50.0,87.0,16.4%,105.0,7.0,499,10.0,223.0,4.5,276.0,5.5,119.0,2.4,3.0,2.0,20.0,6.0,1.0,1.0,3.0,87.0,5.735632183908046,1.0,6.0,2.0,16.0,2016,TE,LA,00-0027985,L.Kendricks,87.0,276.0,87.0,87.0,1.0,-37.900000000000006,2.198,1.2632183908045977,0
18.0,Evan Engram (DEN),109.4,13.7,44.0,68.0,11.6%,54.0,3.0,467,10.6,215.0,4.9,252.0,5.7,89.0,2.0,2.0,3.0,17.0,4.0,3.0,1.0,9.0,68.0,6.867647058823529,1.0,11.0,3.0,8.0,2019,TE,NYG,00-0033881,E.Engram,68.0,252.0,68.0,68.0,1.0,-26.59999999999999,2.4863636363636363,1.6088235294117648,0
24.0,Austin Hooper (NE),108.6,6.4,45.0,59.0,11.8%,47.0,1.0,476,10.6,251.0,5.6,225.0,5.0,70.0,1.6,3.0,3.0,17.0,5.0,1.0,0.0,8.0,59.0,8.067796610169491,1.0,9.0,1.0,17.0,2024,TE,NE,00-0032392,A.Hooper,59.0,225.0,59.0,156.0,0.3782051282051282,-36.80000000000001,2.413333333333333,1.8406779661016948,0
24.0,Tyler Higbee (LAR),108.5,7.2,47.0,70.0,12.6%,55.0,7.0,495,10.5,249.0,5.3,246.0,5.2,56.0,1.2,2.0,2.0,20.0,6.0,2.0,0.0,5.0,71.0,6.971830985915493,1.0,5.0,1.0,15.0,2023,TE,LA,00-0033110,T.Higbee,71.0,246.0,70.0,70.0,1.0,-35.0,2.3085106382978724,1.55,0
23.0,Zach Miller (FA),107.9,7.2,34.0,46.0,8.9%,66.0,0.0,439,12.9,217.0,6.4,222.0,6.5,145.0,4.3,4.0,5.0,15.0,5.0,2.0,1.0,6.0,46.0,9.543478260869565,1.0,6.0,2.0,15.0,2015,TE,CHI,00-0027125,Z.Miller,46.0,222.0,46.0,126.0,0.365079365079365,-41.099999999999994,3.173529411764706,2.345652173913044,0
24.0,Ladarius Green (FA),107.9,8.3,37.0,63.0,9.6%,79.0,5.0,429,11.6,207.0,5.6,222.0,6.0,52.0,1.4,2.0,4.0,19.0,4.0,1.0,0.0,8.0,65.0,6.6,0.9692307692307692,10.0,2.0,13.0,2015,TE,LAC,00-0029275,L.Green,63.0,222.0,63.0,148.0,0.4256756756756756,-41.099999999999994,2.9162162162162164,1.7126984126984128,0
22.0,David Njoku (CLE),107.6,7.2,36.0,53.0,10.6%,39.0,2.0,475,13.2,228.0,6.3,247.0,6.9,106.0,2.9,2.0,4.0,15.0,8.0,4.0,2.0,8.0,53.0,8.962264150943396,1.0,9.0,4.0,15.0,2021,TE,CLE,00-0033885,D.Njoku,53.0,247.0,53.0,114.0,0.4649122807017544,-51.400000000000006,2.988888888888889,2.030188679245283,0
17.0,Mark Andrews (BAL),107.2,6.7,34.0,50.0,9.3%,37.0,3.0,552,16.2,359.0,10.6,193.0,5.7,67.0,2.0,1.0,3.0,22.0,8.0,3.0,2.0,3.0,57.0,10.228070175438596,1.0,9.0,1.0,16.0,2018,TE,BAL,00-0034753,M.Andrews,57.0,203.0,50.0,50.0,1.0,-23.39999999999999,3.152941176470588,2.144,0
19.0,Tyler Eifert (FA),106.6,6.7,43.0,63.0,10.7%,48.0,5.0,436,10.1,312.0,7.3,124.0,2.9,23.0,0.5,1.0,3.0,18.0,4.0,0.0,0.0,9.0,64.0,6.8125,0.984375,10.0,4.0,16.0,2019,TE,CIN,00-0030549,T.Eifert,63.0,112.0,63.0,63.0,1.0,-29.40000000000001,2.4790697674418603,1.692063492063492,0
19.0,George Kittle (SF),106.5,7.1,43.0,63.0,10.5%,48.0,5.0,515,12.0,244.0,5.7,271.0,6.3,87.0,2.0,2.0,2.0,20.0,5.0,3.0,1.0,7.0,63.0,8.174603174603174,1.0,16.0,1.0,15.0,2017,TE,SF,00-0033288,G.Kittle,63.0,265.0,63.0,63.0,1.0,-26.30000000000001,2.4767441860465116,1.6904761904761905,0
18.0,C.J. Uzomah (FA),104.9,6.6,43.0,64.0,12.1%,45.0,2.0,439,10.2,237.0,5.5,202.0,4.7,47.0,1.1,4.0,3.0,17.0,6.0,0.0,0.0,3.0,64.0,6.859375,1.0,6.0,2.0,16.0,2018,TE,CIN,00-0032134,C.Uzomah,64.0,195.0,64.0,64.0,1.0,-25.69999999999999,2.4395348837209303,1.6390625,0
20.0,Jonnu Smith (PIT),104.7,6.5,35.0,44.0,10.3%,37.0,2.0,439,12.5,166.0,4.7,273.0,7.8,150.0,4.3,6.0,3.0,14.0,8.0,3.0,2.0,6.0,53.0,9.39622641509434,1.0,9.0,1.0,16.0,2019,TE,TEN,00-0033858,J.Smith,53.0,300.0,44.0,44.0,1.0,-31.299999999999997,2.9914285714285715,2.3795454545454544,0
25.0,Jake Ferguson (DAL),104.4,7.5,59.0,86.0,13.8%,62.0,3.0,494,8.4,185.0,3.1,309.0,5.2,119.0,2.0,6.0,0.0,18.0,6.0,0.0,0.0,4.0,86.0,5.744186046511628,1.0,6.0,1.0,14.0,2024,TE,DAL,00-0038041,J.Ferguson,86.0,309.0,86.0,86.0,1.0,-41.0,1.769491525423729,1.213953488372093,0
25.0,Will Tye (FA),104.4,8.0,42.0,62.0,10.1%,88.0,5.0,464,11.0,270.0,6.4,194.0,4.6,68.0,1.6,2.0,3.0,17.0,3.0,2.0,1.0,10.0,62.0,7.483870967741935,1.0,11.0,3.0,13.0,2015,TE,NYG,00-0032004,W.Tye,62.0,194.0,62.0,62.0,1.0,-44.599999999999994,2.4857142857142858,1.6838709677419357,0
24.0,Ryan Griffin (FA),104.2,6.5,50.0,74.0,12.8%,105.0,6.0,442,8.8,274.0,5.5,168.0,3.4,47.0,0.9,2.0,2.0,15.0,3.0,1.0,1.0,3.0,81.0,5.814814814814815,1.0,2.0,1.0,16.0,2016,TE,HOU,00-0029665,R.Griffin,81.0,178.0,74.0,163.0,0.4539877300613497,-43.60000000000001,2.084,1.4081081081081082,0
22.0,Hunter Henry (NE),103.9,6.5,41.0,59.0,11.4%,45.0,3.0,509,12.4,304.0,7.4,205.0,5.0,22.0,0.5,0.0,2.0,18.0,10.0,5.0,0.0,7.0,59.0,8.627118644067796,1.0,7.0,1.0,16.0,2022,TE,NE,00-0033090,H.Henry,59.0,203.0,59.0,59.0,1.0,-37.29999999999998,2.5341463414634147,1.7610169491525425,0
23.0,Evan Engram (DEN),102.5,6.8,46.0,73.0,12.9%,53.0,6.0,408,8.9,225.0,4.9,183.0,4.0,33.0,0.7,0.0,3.0,16.0,2.0,1.0,0.0,4.0,73.0,5.589041095890411,1.0,6.0,3.0,15.0,2021,TE,NYG,00-0033881,E.Engram,73.0,185.0,73.0,73.0,1.0,-56.5,2.2282608695652173,1.404109589041096,0
20.0,Austin Seferian-Jenkins (FA),101.7,7.8,50.0,74.0,14.9%,54.0,3.0,357,7.1,233.0,4.7,124.0,2.5,51.0,1.0,2.0,3.0,12.0,2.0,0.0,0.0,5.0,74.0,4.824324324324325,1.0,11.0,6.0,13.0,2017,TE,NYJ,00-0031418,A.Seferian-Jenkins,74.0,124.0,74.0,74.0,1.0,-31.10000000000001,2.0340000000000003,1.3743243243243244,0
21.0,O.J. Howard (FA),101.2,7.2,26.0,39.0,6.5%,29.0,3.0,432,16.6,280.0,10.8,152.0,5.8,34.0,1.3,0.0,6.0,18.0,6.0,3.0,1.0,4.0,39.0,11.076923076923077,1.0,6.0,2.0,14.0,2017,TE,TB,00-0033879,O.Howard,39.0,152.0,39.0,116.0,0.3362068965517241,-31.60000000000001,3.8923076923076922,2.594871794871795,0
25.0,Isaiah Likely (BAL),101.1,5.9,30.0,40.0,8.4%,33.0,3.0,411,13.7,195.0,6.5,216.0,7.2,106.0,3.5,6.0,5.0,16.0,6.0,3.0,1.0,7.0,46.0,10.021739130434783,1.0,9.0,0.0,17.0,2023,TE,BAL,00-0037838,I.Likely,46.0,239.0,40.0,101.0,0.396039603960396,-42.400000000000006,3.3699999999999997,2.5275,0
21.0,Jimmy Graham (FA),100.7,6.3,38.0,60.0,11.1%,40.0,2.0,447,11.8,204.0,5.4,243.0,6.4,78.0,2.1,2.0,3.0,17.0,7.0,1.0,1.0,10.0,69.0,8.043478260869565,1.0,10.0,3.0,16.0,2019,TE,GB,00-0027696,J.Graham,69.0,294.0,60.0,60.0,1.0,-35.3,2.65,1.6783333333333335,0
22.0,Irv Smith Jr. (HOU),98.5,7.6,30.0,43.0,8.9%,31.0,1.0,365,12.2,239.0,8.0,126.0,4.2,49.0,1.6,2.0,5.0,18.0,6.0,1.0,0.0,10.0,,,,,,13.0,2020,TE,,,,,,43.0,,,-46.80000000000001,3.283333333333333,2.2906976744186047,0
25.0,Tyler Eifert (FA),98.4,12.3,29.0,47.0,8.7%,58.0,1.0,394,13.6,262.0,9.0,132.0,4.6,32.0,1.1,0.0,5.0,18.0,5.0,1.0,1.0,5.0,47.0,8.382978723404255,1.0,11.0,5.0,8.0,2016,TE,CIN,00-0030549,T.Eifert,47.0,132.0,47.0,47.0,1.0,-49.400000000000006,3.393103448275862,2.0936170212765957,0
23.0,Mike Gesicki (CIN),98.2,5.8,32.0,52.0,9.3%,36.0,3.0,362,11.3,265.0,8.3,97.0,3.0,22.0,0.7,1.0,5.0,16.0,5.0,2.0,0.0,12.0,59.0,6.389830508474576,0.9830508474576272,15.0,6.0,17.0,2022,TE,MIA,00-0034829,M.Gesicki,58.0,100.0,52.0,65.0,0.8,-42.999999999999986,3.06875,1.8884615384615384,0
22.0,Jesse James (FA),98.2,6.1,43.0,63.0,10.8%,45.0,2.0,372,8.7,185.0,4.3,187.0,4.3,40.0,0.9,0.0,3.0,17.0,0.0,1.0,0.0,7.0,64.0,6.0,1.0,12.0,3.0,16.0,2017,TE,PIT,00-0032135,J.James,64.0,202.0,63.0,63.0,1.0,-34.60000000000001,2.2837209302325583,1.5587301587301587,0
22.0,Ryan Griffin (FA),98.0,7.5,34.0,41.0,8.3%,36.0,2.0,320,9.4,138.0,4.1,182.0,5.4,57.0,1.7,2.0,5.0,14.0,4.0,1.0,1.0,6.0,43.0,7.441860465116279,0.9534883720930232,3.0,2.0,13.0,2019,TE,NYJ,00-0029665,R.Griffin,41.0,182.0,41.0,41.0,1.0,-38.0,2.8823529411764706,2.3902439024390243,0
23.0,Julius Thomas (FA),97.8,7.0,41.0,62.0,10.5%,44.0,2.0,388,9.5,243.0,5.9,145.0,3.5,48.0,1.2,1.0,3.0,17.0,4.0,0.0,0.0,6.0,62.0,6.258064516129032,1.0,11.0,4.0,14.0,2017,TE,MIA,00-0028067,J.Thomas,62.0,145.0,62.0,62.0,1.0,-35.000000000000014,2.3853658536585365,1.5774193548387097,0
24.0,Austin Hooper (NE),97.4,5.7,41.0,60.0,13.8%,43.0,2.0,444,10.8,313.0,7.6,131.0,3.2,34.0,0.8,1.0,2.0,19.0,2.0,0.0,0.0,6.0,60.0,7.4,1.0,7.0,1.0,17.0,2022,TE,TEN,00-0032392,A.Hooper,60.0,130.0,60.0,106.0,0.5660377358490566,-43.79999999999998,2.3756097560975613,1.6233333333333335,0
25.0,Chig Okonkwo (TEN),97.2,5.7,32.0,46.0,10.6%,35.0,3.0,450,14.1,196.0,6.1,254.0,7.9,113.0,3.5,3.0,3.0,21.0,7.0,4.0,3.0,6.0,47.0,9.574468085106384,0.9787234042553192,7.0,1.0,17.0,2022,TE,TEN,00-0037809,C.Okonkwo,46.0,252.0,46.0,106.0,0.4339622641509434,-43.999999999999986,3.0375,2.11304347826087,0
23.0,Dan Arnold (FA),96.8,6.1,31.0,45.0,8.3%,33.0,1.0,438,14.1,272.0,8.8,166.0,5.4,23.0,0.7,0.0,4.0,17.0,8.0,2.0,2.0,6.0,45.0,9.733333333333333,1.0,6.0,2.0,16.0,2020,TE,ARI,00-0034011,D.Arnold,45.0,173.0,45.0,45.0,1.0,-48.500000000000014,3.1225806451612903,2.151111111111111,0
24.0,David Njoku (CLE),94.7,5.9,32.0,60.0,10.6%,35.0,3.0,386,12.1,235.0,7.3,151.0,4.7,63.0,2.0,0.0,4.0,14.0,5.0,3.0,0.0,4.0,60.0,6.433333333333334,1.0,9.0,5.0,16.0,2017,TE,CLE,00-0033885,D.Njoku,60.0,151.0,60.0,60.0,1.0,-38.10000000000001,2.959375,1.5783333333333334,0
23.0,Jacob Hollister (FA),93.9,8.5,41.0,59.0,11.9%,42.0,1.0,349,8.5,180.0,4.4,169.0,4.1,31.0,0.8,3.0,3.0,14.0,3.0,0.0,0.0,11.0,69.0,5.971014492753623,1.0,13.0,4.0,11.0,2019,TE,SEA,00-0033387,J.Hollister,69.0,192.0,59.0,59.0,1.0,-42.099999999999994,2.2902439024390246,1.5915254237288137,0
24.0,Gerald Everett (FA),92.9,5.8,41.0,62.0,11.0%,47.0,6.0,417,10.2,174.0,4.2,243.0,5.9,70.0,1.7,6.0,1.0,21.0,3.0,1.0,1.0,5.0,64.0,6.515625,1.0,6.0,2.0,16.0,2020,TE,LA,00-0033895,G.Everett,64.0,243.0,62.0,122.0,0.5081967213114754,-52.400000000000006,2.2658536585365856,1.4983870967741937,0
19.0,Cameron Brate (FA),92.9,5.8,30.0,49.0,7.9%,34.0,3.0,289,9.6,238.0,7.9,51.0,1.7,14.0,0.5,1.0,6.0,13.0,2.0,0.0,0.0,7.0,49.0,5.8979591836734695,1.0,12.0,3.0,16.0,2018,TE,TB,00-0031273,C.Brate,49.0,51.0,49.0,97.0,0.5051546391752577,-37.69999999999999,3.0966666666666667,1.8959183673469389,0
24.0,Austin Hooper (NE),92.5,6.2,38.0,61.0,12.2%,44.0,6.0,345,9.1,160.0,4.2,185.0,4.9,35.0,0.9,1.0,3.0,13.0,4.0,1.0,0.0,11.0,62.0,5.564516129032258,0.9838709677419356,13.0,4.0,15.0,2021,TE,CLE,00-0032392,A.Hooper,61.0,185.0,61.0,114.0,0.5350877192982456,-66.5,2.4342105263157894,1.5163934426229508,0
24.0,Cameron Brate (FA),91.1,5.7,36.0,55.0,9.1%,40.0,2.0,311,8.6,221.0,6.1,90.0,2.5,50.0,1.4,1.0,4.0,14.0,1.0,1.0,0.0,7.0,55.0,5.654545454545454,1.0,7.0,2.0,16.0,2019,TE,TB,00-0031273,C.Brate,55.0,90.0,55.0,55.0,1.0,-44.900000000000006,2.5305555555555554,1.6563636363636363,0
20.0,Dallas Goedert (PHI),90.4,5.7,33.0,44.0,7.4%,34.0,1.0,334,10.1,173.0,5.2,161.0,4.9,51.0,1.5,2.0,4.0,14.0,5.0,1.0,0.0,5.0,48.0,7.375,1.0,8.0,2.0,16.0,2018,TE,PHI,00-0034351,D.Goedert,48.0,180.0,44.0,200.0,0.22,-40.19999999999999,2.7393939393939397,2.0545454545454547,0
25.0,Jordan Akins (FA),89.8,5.6,36.0,55.0,10.6%,40.0,4.0,418,11.6,172.0,4.8,246.0,6.8,116.0,3.2,6.0,2.0,19.0,4.0,1.0,1.0,6.0,55.0,7.6,1.0,6.0,1.0,16.0,2019,TE,HOU,00-0034364,J.Akins,55.0,246.0,55.0,103.0,0.5339805825242718,-46.2,2.4944444444444445,1.6327272727272726,0
25.0,Marcedes Lewis (FA),87.8,5.5,24.0,48.0,9.3%,27.0,3.0,318,13.3,155.0,6.5,163.0,6.8,60.0,2.5,2.0,5.0,14.0,3.0,2.0,0.0,5.0,56.0,6.053571428571429,0.9821428571428572,12.0,6.0,16.0,2017,TE,JAX,00-0024243,M.Lewis,55.0,172.0,48.0,48.0,1.0,-45.000000000000014,3.658333333333333,1.8291666666666666,0
21.0,Benjamin Watson (FA),87.0,5.4,35.0,46.0,9.0%,39.0,3.0,400,11.4,313.0,8.9,87.0,2.5,34.0,1.0,1.0,2.0,15.0,6.0,1.0,0.0,8.0,47.0,8.76595744680851,1.0,9.0,4.0,16.0,2018,TE,NO,00-0022943,B.Watson,47.0,94.0,46.0,46.0,1.0,-43.599999999999994,2.4857142857142858,1.891304347826087,0
22.0,Gerald Everett (FA),86.6,5.4,33.0,50.0,9.2%,33.0,0.0,320,9.7,176.0,5.3,144.0,4.4,45.0,1.4,2.0,3.0,12.0,4.0,1.0,1.0,7.0,58.0,6.379310344827586,0.9827586206896552,13.0,2.0,16.0,2018,TE,LA,00-0033895,G.Everett,57.0,169.0,50.0,50.0,1.0,-44.0,2.624242424242424,1.732,0
25.0,Foster Moreau (NO),85.3,5.7,30.0,44.0,7.3%,35.0,4.0,373,12.4,184.0,6.1,189.0,6.3,63.0,2.1,2.0,3.0,16.0,6.0,2.0,1.0,5.0,47.0,7.936170212765957,1.0,8.0,0.0,15.0,2021,TE,LV,00-0034981,F.Moreau,47.0,189.0,44.0,137.0,0.3211678832116788,-73.7,2.8433333333333333,1.9386363636363635,0
23.0,Jesse James (FA),84.3,5.3,30.0,39.0,5.8%,33.0,3.0,423,14.1,238.0,7.9,185.0,6.2,27.0,0.9,0.0,2.0,13.0,8.0,4.0,2.0,2.0,40.0,10.575,0.975,6.0,2.0,16.0,2018,TE,PIT,00-0032135,J.James,39.0,185.0,39.0,111.0,0.3513513513513513,-46.3,2.81,2.1615384615384614,0
25.0,Jordan Akins (FA),83.7,6.4,37.0,49.0,9.3%,40.0,3.0,403,10.9,231.0,6.2,172.0,4.6,64.0,1.7,3.0,1.0,16.0,7.0,0.0,0.0,8.0,49.0,8.224489795918368,1.0,8.0,1.0,13.0,2020,TE,HOU,00-0034364,J.Akins,49.0,172.0,49.0,49.0,1.0,-61.60000000000001,2.2621621621621624,1.7081632653061225,0
24.0,Ian Thomas (LV),81.3,5.1,36.0,49.0,9.0%,39.0,3.0,333,9.3,175.0,4.9,158.0,4.4,29.0,0.8,2.0,2.0,11.0,4.0,1.0,0.0,4.0,49.0,6.795918367346939,1.0,7.0,1.0,16.0,2018,TE,CAR,00-0034365,I.Thomas,49.0,158.0,49.0,87.0,0.5632183908045977,-49.3,2.2583333333333333,1.6591836734693877,0
25.0,Greg Olsen (FA),80.1,8.9,27.0,38.0,7.0%,30.0,1.0,291,10.8,207.0,7.7,84.0,3.1,1.0,0.0,1.0,4.0,15.0,2.0,0.0,0.0,4.0,38.0,7.657894736842105,1.0,6.0,3.0,9.0,2018,TE,CAR,00-0025418,G.Olsen,38.0,84.0,38.0,87.0,0.4367816091954023,-50.5,2.9666666666666663,2.107894736842105,0
