Player,floor,median,ceiling,mean,std
Josh Allen,366.5957786937059,376.1933089451939,385.8903895138244,376.29269949860435,7.452726618217639
Lamar Jackson,366.709042942531,376.2747084821549,385.38950541386487,376.1442141489459,7.311173302193311
Jalen Hurts,346.68333151263744,356.3496293192518,365.6809215203996,356.2037962363856,7.470844936600654
Jayden Daniels,346.4050545347317,355.170020772926,364.6723807375284,355.3588334264222,7.177312052561769
Ja'Marr Chase,336.93457418736836,345.81783392867925,354.6362286468462,345.7650009249263,7.101421662887523
Joe Burrow,333.4935224267203,343.5416370366411,352.812173328094,343.33700556638837,7.653722015026539
Patrick Mahomes II,316.06025647935206,325.22998517920394,334.95371777801773,325.2391797332065,7.262649600351874
Baker Mayfield,311.25616379881075,321.2766788274746,330.6644240796815,321.2119727020479,7.4208841141842115
Jahmyr Gibbs,305.13710575280606,315.3702339413728,324.58578424163494,315.1380709166378,7.481336866592106
Kyler Murray,306.46612882762213,315.20388094681505,324.50260868574,315.341916740612,7.306277172401789
Bijan Robinson,304.7845706745249,314.6571293723835,323.87886652536855,314.57890873296583,7.468120643949586
Saquon Barkley,304.97763772359343,314.6947251039513,325.12695463968544,314.8581641661503,7.936668258462998
Brock Purdy,299.8413526473528,309.2438318343442,319.06147713360315,309.4181339514596,7.578120463131423
Bo Nix,298.9692214833889,308.31731905794857,317.7270027521444,308.2707051773021,7.324421384764168
Justin Jefferson,293.4475330013259,301.9263948741131,311.1836545004835,302.0434201533175,7.006685859647872
Justin Fields,289.9292574488869,299.0570023098412,308.7980378091291,299.2170038565081,7.408089341638276
Christian McCaffrey,287.00724486740717,296.2245732421351,306.04938275267983,296.4076718804245,7.494774591708439
CeeDee Lamb,285.36985508947566,294.4326806634142,303.5092497869944,294.66524127403846,7.101560027750739
Jared Goff,284.09612974142357,293.16979497666483,302.65387871786834,293.28998866324076,7.135517868580655
Puka Nacua,281.816465173979,291.262562383373,300.1617578327458,290.95962835325776,7.197791520947533
De'Von Achane,279.9405777785762,289.9260193345161,299.9797237424207,289.801652646755,7.75199981829171
Dak Prescott,279.8143654445672,289.1557538641964,298.67815012417464,289.2280855397217,7.326951244676874
J.J. McCarthy,281.8957403689232,288.1091430512384,294.51704882570164,288.21062283861346,4.8939196455497935
Justin Herbert,279.07885708133733,287.85530243352844,297.093358788473,288.09930217835876,7.285326107790349
Amon-Ra St. Brown,277.84574537216236,287.20994931571954,296.22611499125344,287.0373860568244,7.158447979753202
Caleb Williams,276.09201777183176,286.04731737493154,294.89533436782705,285.9298507784305,7.4411149312709775
Malik Nabers,270.05978000488017,280.00765058490055,288.9688914004071,279.6694995624865,7.2990000215748445
Jordan Love,268.46605646934785,278.5126459273455,287.99405191870574,278.3203389671614,7.578253133166037
C.J. Stroud,268.9068089039595,277.8951724210839,287.56241011975357,278.06130600054513,7.373705747236815
Trevor Lawrence,262.56280770105644,271.9009173008677,281.35529559096875,271.97684881000583,7.485892900197349
Derrick Henry,261.6923199053676,271.8837853392872,283.06623032926825,271.96500904513,8.169314656222047
Drake Maye,261.3289724608655,271.049690931836,280.48626224407946,270.80273525757156,7.574007922786515
Brian Thomas Jr.,260.34719602006595,269.4100770925081,279.3173097374196,269.4038619338889,7.426911751876114
Nico Collins,258.59317158186496,268.14015299165186,276.6627801969251,267.8560964709409,7.17339159913598
Josh Jacobs,257.16187040873916,266.39413014847355,276.71294238135454,266.61833395831025,7.702462973118664
Matthew Stafford,253.06845102939965,262.8759619299349,272.3197671287927,262.79546444175764,7.532767145628041
Ladd McConkey,253.86455411073868,262.7436144687722,272.20302590053325,262.88685458336386,7.1627767812999465
Michael Penix Jr.,255.90635059362134,262.0967354270109,268.7381897339198,262.19412088143457,5.0445288716469605
Ashton Jeanty,255.24376592612722,261.8414466908491,268.19905754967544,261.75910028218055,5.0609625917418875
Geno Smith,250.71872153756547,260.79228072876776,270.3344835023955,260.5945481680631,7.6180171959996725
Tua Tagovailoa,250.92837207272757,260.4721737912761,269.71093260585945,260.48154152279744,7.3053171964763495
Sam Darnold,249.9596717198295,259.5695298089865,269.17837352371527,259.55346055906455,7.3749800437624495
Cameron Ward,248.90772948015473,255.13452014263055,261.38650408032606,255.1096008167607,4.961142332135128
Drake London,245.2137233892286,254.5289990796079,263.98048338174743,254.58047419824845,7.237048478275402
Tyreek Hill,244.43979144910108,253.72698918065262,262.72525568202445,253.63001707025006,7.126084368142532
Bryce Young,244.39355382435778,253.13543872338437,262.65260334273603,253.4665677333052,7.304550317550112
Bucky Irving,243.34666201884866,253.11697879202617,262.58177757029534,253.0063963084771,7.632029643660429
Kyren Williams,238.3676796406619,248.11197712713434,257.63737836174676,248.1560290300399,7.580109660953115
Brock Bowers,240.7708794721484,248.46721875008112,256.20088803433225,248.3965780880731,6.367967898704033
Chase Brown,238.35102590153886,248.30679153448358,257.92716805656175,248.14484239062296,7.5738328497863865
A.J. Brown,237.98140955835427,247.63394448281696,256.25796073039834,247.36656594684092,7.136210838749379
Jonathan Taylor,238.0425190535757,247.16461127720197,256.95031397951595,247.2068023541118,7.371635154908701
Tee Higgins,236.61848024570597,245.13503720865384,254.44838357871186,245.33182963092128,7.086751877336191
Mike Evans,234.49876982747816,243.8794537845891,253.41340168660776,244.00801749076504,7.3951571882560785
Terry McLaurin,233.03387957917062,241.63305437969353,251.10746998730482,241.93239525604395,7.030931802978242
Davante Adams,233.0955627598527,242.12936748100853,251.21135967096376,241.91184641311582,7.052490308976896
Jaxon Smith-Njigba,230.7300094291168,240.3629358120262,249.52999685067698,240.26014270022768,7.303494409591988
Alvin Kamara,229.16835016201978,238.2292584492706,248.69707334043127,238.73778964575544,7.356467544028254
Breece Hall,228.19495011097496,237.83980200894456,247.76130095520392,237.94440201333404,7.55850533874105
Aaron Rodgers,227.2281178989186,236.46343441862425,245.29022876610117,236.40723041059908,7.137730803757239
James Cook,224.03225419401497,233.5482456575571,243.7343946985889,233.61505991483568,7.647153530506377
Garrett Wilson,222.4566774363034,231.72033610573658,241.1492257040102,231.7088125686331,7.188088934795834
Trey McBride,222.21771751678827,230.8390148799076,239.44438076682377,230.84674985418076,6.709806945123363
Marvin Harrison Jr.,221.28008181629116,230.1333426391725,239.61064712902385,230.25776420520947,7.3417868736497685
Kenneth Walker III,221.68437135930137,228.05865335965888,234.38157109346656,228.03636296493514,4.994189266301516
DK Metcalf,218.49635926492022,227.3663625502334,236.9385274866039,227.48928774886986,7.114916244830605
DJ Moore,218.49018252787937,227.68211983846362,236.93359789976242,227.7219967752442,7.174330617963353
James Conner,218.11582603019295,227.33254036603438,236.67845622179402,227.35602097300972,7.380645155218302
George Kittle,215.5915771585099,223.5427426035646,231.72870224728467,223.58105172851938,6.212917323996454
Courtland Sutton,210.30799375842537,218.97111976138217,228.80054955795444,219.18889027390637,7.116475130889822
Zay Flowers,209.96268922640957,219.32342367380636,228.1048386426895,219.10472872477487,7.32065874972337
Omarion Hampton,209.91247992222958,216.58690735652308,223.1337263249933,216.5359902949051,5.161544899433382
DeVonta Smith,206.2856822102935,214.88936254473077,224.58834568333916,215.0860286665787,7.181198668413646
Chuba Hubbard,203.94438156512845,214.17633358039245,223.61669450775221,214.28588319013775,7.656096259559401
Aaron Jones Sr.,204.24224643253677,213.91155587374783,223.5147801081009,213.72257438233606,7.52765588281958
Xavier Worthy,204.2699539811809,213.7644105768875,222.80746355749673,213.78937018756915,7.260843430498576
Jerry Jeudy,202.6108552242388,211.31756592133254,220.60458340842632,211.39128590467251,7.017827820188666
Calvin Ridley,201.34417898257152,209.8588866914876,220.00138261970264,210.05486052756652,7.359595245219718
Jakobi Meyers,199.61078439472635,208.67514994028278,218.05414833965293,208.69066636853572,7.2018450608749305
Anthony Richardson Sr.,197.05870007433026,206.79157405582302,215.8683281253059,206.6584277435756,7.388324814381329
D'Andre Swift,195.11090102306264,205.18959833784743,214.95724645142624,205.0400709680998,8.003300198693855
Joe Mixon,195.13922384089338,204.5585501277164,214.23703448709415,204.51700584000946,7.479958624713302
Jaylen Waddle,192.21172430814536,201.61590836089968,210.84241779048625,201.58419850297585,7.2624243843465495
Jameson Williams,192.03298004907143,200.87967999334668,210.24496853377005,201.0950709483814,7.224475650611135
George Pickens,191.55813558507535,200.96249942428304,209.64372714157346,200.7316733489092,6.9306405319295585
Chris Godwin,190.25684054963352,199.6921384083729,208.8525128769707,199.65640051175436,7.254913457721843
Jauan Jennings,189.38865400932139,198.87983217828594,207.73485162826628,198.71010795044842,7.090437564182678
Tetairoa McMillan,190.4425559991041,196.6537383557254,203.36481101908313,196.74916168977867,5.0719872039620615
Russell Wilson,187.0385169402225,196.52922039829156,206.64736703851133,196.4833257133662,7.30503703516988
David Montgomery,185.47299660417414,195.62472143255187,205.2435971170637,195.4839760627812,7.501619229994609
Deebo Samuel Sr.,186.23460856027867,195.41971583301313,204.43751563244817,195.46390393403672,6.964371940549636
Rashee Rice,185.42774723792812,194.99866546304918,204.1957575074286,194.86219851337253,7.3223815009946165
Tony Pollard,183.97784442683852,193.68059560443822,203.37527181161587,193.70716204776357,7.628289330518478
Stefon Diggs,182.65455182237892,192.40720396987564,201.4701004374728,192.12436848948087,7.5201695988050075
Chris Olave,180.59860520398894,189.57909241278884,199.06161101210097,189.90030832327028,7.3480615734648085
Travis Hunter,183.42778996049816,189.36237769496998,195.96711159457544,189.57749228892231,5.063283923917022
Travis Kelce,180.08066613618897,188.61409584196244,197.09807472973415,188.69143699421113,6.465866017761605
Tyler Shough,181.17052906552968,187.99286696155298,194.36737789577032,187.9346197034393,5.231813238635062
Rome Odunze,178.0903928599742,187.69392515368932,196.77663810266043,187.4678894798032,7.1646909532907905
Jayden Reed,175.18596353362713,185.06543840792818,193.8078618782617,184.693865775215,7.217670631560824
Cooper Kupp,175.61977061927993,184.9297391806142,193.70920582086592,184.8601130876682,7.041646204962699
Sam LaPorta,176.53880433375824,184.4548967800933,192.38334000215704,184.40480995692494,6.19685720075084
Jordan Addison,174.87644837999832,184.3182633633856,192.63570534000777,184.01379364995344,7.1445931297147975
TreVeyon Henderson,176.7716025130079,183.51511283455892,189.93022515340587,183.38928234808688,5.083334471879469
T.J. Hockenson,171.53509974433732,179.481944197729,187.9008364318893,179.621698351637,6.53678320940039
Khalil Shakir,170.17892596725642,179.2333789868693,189.025812401858,179.438155135108,7.335780376616813
Isiah Pacheco,169.8707823889302,179.45093506159378,188.9766402012914,179.39952368631728,7.5942843606812405
Michael Pittman Jr.,170.30384078999165,178.97265323465626,188.14263189153525,179.18490098645967,7.097491108921302
Matthew Golden,172.14764989443196,178.43090639077064,185.5899702476186,178.61508731207593,5.097949574915537
Tyrone Tracy Jr.,171.5706590130033,177.6809461589827,184.091054445988,177.807612221651,4.833452858627067
David Njoku,168.0786487983577,176.5330185895912,185.1053022764771,176.701297000198,6.458644587964013
Mark Andrews,167.82041627466887,176.586457237896,184.70606356141258,176.45838840380497,6.396836468914236
Kaleb Johnson,169.5742285401086,176.30620181232467,182.92187233033883,176.24186514058127,5.238534175463649
Brian Robinson Jr.,168.2143790649754,174.63966779285295,181.3957594442214,174.74423997171024,4.998696509537635
Darnell Mooney,163.9601150760819,173.20273750324708,182.3209659078356,173.11849494559658,7.275630540335354
Ricky Pearsall,166.269548075772,172.7022681138229,179.07936811194676,172.7096979332193,4.92523453436911
Rashid Shaheed,161.44409683520243,170.34757223755685,179.85828829972175,170.5156433893334,7.136853776509265
Keon Coleman,162.63011242366056,169.2975758050871,175.18225418560954,169.1923802366866,4.963699261524014
Jaylen Warren,157.2226817255691,166.39515860341749,176.37859999418095,166.62654542551064,7.600311418181779
RJ Harvey,158.108090387985,164.69231636208443,171.4738708435984,164.75107599790036,5.060493505630309
Josh Downs,154.49729572489215,164.01844516484397,172.81827212416343,163.7875121699097,7.087377850279798
Javonte Williams,153.20286340075202,162.52685036565305,173.0076629604206,163.0200291426975,7.614514839789841
Marvin Mims Jr.,154.6432939380867,161.13492285292654,167.597409061953,161.1367984818719,5.018026726412771
Marquise Brown,150.65461712512197,159.82716269387132,168.95735695355935,159.8476270437039,7.091797138072979
Adam Thielen,148.6396767398142,158.02656250620768,167.2489841850452,157.91000170592173,7.356467863775235
Austin Ekeler,145.51330598289778,155.1998062058597,164.63949404842882,155.09875881706054,7.549701214354281
Tre' Harris,146.55104781444032,153.4811473387649,159.93102831533992,153.46472054065978,5.130850195364103
Brandon Aiyuk,143.63115482655286,152.96848768634467,162.4699729376024,152.8945713225022,7.303577021667479
Quentin Johnston,143.29107338564125,152.68119686860362,161.68086928755343,152.51568344360905,7.32623373345556
Jake Ferguson,143.1375332279784,151.06851039551583,159.87088037775035,151.36952978777117,6.4534926404069095
Evan Engram,142.5092216656508,151.4591378718601,159.38771773575664,151.31733550004148,6.616397877666189
Travis Etienne Jr.,143.17855336124848,149.58602780985086,156.31967559587122,149.61987541015412,5.098318338103573
Wan'Dale Robinson,139.67025099724694,149.695211024733,158.34206906484687,149.357610709692,7.319623861420865
J.K. Dobbins,139.59223517175866,148.8468010624636,158.4658484482161,148.85568673217233,7.514043564026926
Emeka Egbuka,142.0136857571276,148.71127797547547,155.16196623925444,148.71521696731222,5.161171921711081
Tyler Warren,140.97272374218917,147.61234263492892,153.99002881171154,147.5478261442171,5.069134572716633
Xavier Legette,137.9317176476554,147.66964561202744,157.01665719301133,147.62199986687392,7.286482647841905
Rashod Bateman,137.98039784296574,147.1015900185364,156.36424214277795,147.09211025746168,7.385318949108427
Dallas Goedert,138.6287363042728,146.3971614224389,155.02133883578296,146.5760035702508,6.447710886424094
Christian Kirk,137.28987611953988,146.0309140937486,155.8704085591793,146.3602287979049,7.272010830270646
Tucker Kraft,136.82913622365888,144.82573250134055,152.94890862031093,144.91365308207673,6.459869023849671
Quinshon Judkins,136.77213019183029,143.2140208116836,149.5484018523449,143.18914481204564,4.97569535333203
Rachaad White,132.59855363778112,142.13157342261218,152.22920462598142,142.1603968930287,7.678581059902268
Brandon Aubrey,135.5342537461054,141.37985764571948,147.5976939100413,141.55495091097524,4.767076884118796
Rhamondre Stevenson,130.42129403047417,140.56502134911193,150.44577939977736,140.6024447441229,7.716684538540742
Colston Loveland,134.19565754961826,140.65605288586806,147.04116963312137,140.67434227168837,4.947435535727078
Zach Ertz,131.96985424122684,139.90225139765798,148.35532349763554,140.03104190249223,6.4040956770816075
Dalton Kincaid,130.482141793618,138.54627978194992,147.1035666440961,138.757219990464,6.516308836020128
Najee Harris,129.60559499044274,138.41477138296915,148.63877136369416,138.7883526942512,7.614579746905719
Matt Gay,130.8601138760056,137.13855414273849,143.71214903821036,137.24823169334866,4.958787479927291
Cedric Tillman,130.52214432213927,137.00633598440155,143.35497660840625,136.95396468547295,5.019218912611343
Chase McLaughlin,129.70096637883435,136.69295279971067,142.64943814269108,136.39344352519035,5.09576361571867
Zach Charbonnet,126.61683696820947,135.73920242312408,145.0819841385612,135.71477369478217,7.291853480073215
Cam Skattebo,128.87106613983102,135.1437239244303,141.70496191025583,135.22236028369184,5.0861826178904606
Luther Burden III,129.0025871750529,134.99619085162195,140.98951508424625,134.93261924388213,4.722298626453136
Jake Elliott,127.4141486918572,133.80024751589593,140.42094665321315,133.93417399702736,4.937928954972129
Jayden Higgins,127.26456304436049,133.7824657419328,139.9139205507144,133.6886298634832,5.023337679861682
Hunter Henry,125.75765870884479,134.1550182013483,143.0953269365038,134.2804717767961,6.5589278769084265
Jason Sanders,127.04001045427276,133.39302042401064,139.39233536401196,133.2734832110207,4.858028375117377
Tyjae Spears,123.1901754656605,133.3072492742786,142.87291584699426,133.26306121431858,7.594409465899875
Cameron Dicker,126.2183558818939,132.50184306466764,138.91517572143513,132.49692939969188,5.030421347251297
Cade Otton,123.8127681697562,132.2751778236174,140.32068229725976,132.08800744127225,6.289559493670318
Tyler Bass,125.20597267043141,132.07130242627997,139.11312483917388,132.15865933387045,5.190027155705478
DeMario Douglas,120.94547250193222,130.6315175498144,139.55391856411248,130.4433953322904,7.305180995041467
Jack Bech,124.09972626986978,130.13025215635795,136.17898732843105,130.0969326314559,4.865804474330174
Kyle Pitts Sr.,121.61642813737726,129.5075958164793,137.8671038219454,129.57071652692758,6.310934583037821
Tyler Loop,122.93137531605464,129.45601889329646,135.86594639836264,129.37938593777963,4.933427839398929
Evan McPherson,123.27835235396445,129.55894903658756,135.4863565237994,129.37686409917941,4.944307777289413
Jake Bates,122.58090826213652,129.14174876866844,135.27547189226578,128.98181366703358,4.963755866770273
Darren Waller,120.2769358197032,128.70113297784206,136.83375147845564,128.5655027656755,6.403684473747348
Ka'imi Fairbairn,121.98691406836664,128.30245571768558,134.2858463294136,128.25967756644204,4.7561343644226906
Harrison Butker,122.15020155506522,128.2925626472307,134.88958923710132,128.40568167045808,5.091183732689409
Brenton Strange,121.06760647691605,127.2883342166648,133.4153163563495,127.27788367750469,5.015672382238515
Brandon McManus,121.06216973824775,127.47719185846564,133.7050617784155,127.32042480145745,5.006534455969767
Jordan Mason,116.79732556802138,126.9577536462094,136.81470102502374,126.73162898464533,7.649146374965866
Mike Gesicki,118.3024973045052,126.40176865692166,134.42539230818815,126.49541993544922,6.212767804636252
Tyler Lockett,117.25159765852801,126.8490049485693,135.60120708839435,126.56348892892574,6.995161274699296
Younghoe Koo,119.97641891139092,126.11285374720256,132.64534077031647,126.25354374271103,4.912076526622212
Chris Boswell,119.53556910982917,126.02454512994274,132.5036991687665,126.01971253512421,4.962843351516942
Romeo Doubs,116.68178974398299,125.72387883066637,134.7537030973562,125.64124137124384,7.185854189486898
Jerome Ford,116.08771649533375,124.59771352255243,134.4545526844637,125.03045092080848,7.31737567185448
Jonnu Smith,117.05079831117196,125.18288495367705,133.150039523541,125.13820164926686,6.291932016074954
Wil Lutz,118.67289611589793,124.3714598716001,131.32393557429714,124.67113240275843,4.87465759211755
Joshua Karty,118.16381630601045,124.50621699438315,131.32301623342676,124.68077256731034,5.092107676118746
Will Reichard,118.17942506799375,124.83181793653651,131.1365547721673,124.8324833276268,4.933915985420122
Jake Moody,117.08252249583096,123.07623720453034,129.85139636098435,123.37628522688134,4.802725886086131
Chad Ryland,116.63967767391779,123.20686364449877,129.64589305955198,123.18987086942455,4.968944338286594
Michael Wilson,113.40919993624232,122.56147761014165,131.91677899707207,122.67764282094046,7.331017866493833
Kyle Williams,115.40997249455695,121.96224726042189,128.57520851750806,122.01815020352466,5.260345254274992
Joshua Palmer,112.10105577455468,121.42313624434975,131.02643308129026,121.46750604864089,7.433270325974319
Daniel Carlson,114.99012280310684,121.53173132392874,127.62513051487373,121.4750930081181,4.811142659959662
Tank Bigsby,112.44114533493952,121.29612628350085,130.49105091008326,121.41610987186897,7.257396344108817
Dalton Schultz,110.73771471627467,119.57372891067158,127.3202490296318,119.25815018122626,6.47132721191944
Isaiah Likely,110.71501175710905,118.75265069826924,126.94366418918919,118.79644045826345,6.3816601425156545
Cam Little,112.17563713037724,118.22199409512439,124.73357991102503,118.27727536050091,4.754805505659013
Chig Okonkwo,109.75532587602783,117.69814984710922,125.29250855079043,117.54281964312118,6.099376177834045
Juwan Johnson,108.76860825842627,116.91073182155074,124.4190677884188,116.70232404902586,6.13422877476459
Buffalo Bills,110.32103743895112,116.34333531722265,122.38068029780723,116.39714793522532,4.764617814052473
Jason Myers,109.88172352069779,116.21596792009959,122.97878478320443,116.33565065505724,5.130460318631174
Denver Broncos,109.5200842372693,115.95481506350822,122.47179436480468,116.00809556656135,4.944037998551627
Cairo Santos,109.79408159972468,116.02212998615178,122.36998131916417,115.97096792300596,4.818975967646502
Ryan Fitzgerald,109.0868211022333,115.43231063387205,121.95371602467912,115.46467980235448,5.070368313667078
Calvin Austin III,106.38942414167767,115.60725249314874,124.07617286338699,115.44883925205596,7.049338221946678
Philadelphia Eagles,109.30829773978358,115.4030297177139,121.84110920770597,115.45033034832441,4.927055151480094
Dylan Sampson,108.77042904411525,115.10954453816478,121.42083480269723,115.00167456948815,4.849157575354876
Houston Texans,109.11074691644606,115.72213265079937,122.29770637829891,115.72423427388587,5.04671165837252
Baltimore Ravens,108.00162361476676,114.44120505504328,120.58627572060026,114.4192182578578,4.98414512258033
Pat Freiermuth,105.46720950208847,113.83961461956744,122.07414066299815,113.7721174648887,6.475453975970519
Spencer Shrader,107.65806253742112,114.01301886317972,120.44211947047107,114.03085923495746,4.854687140464984
Jalen McMillan,104.32137284718219,113.44831082092261,122.08626808618709,113.33800632395199,7.047632861003189
Harrison Mevis,106.12721602657979,112.80484190707591,118.88574850071964,112.7474702805129,4.96879910304211
Robbie Ouzts,105.2664541898057,112.09703731901396,118.49793130950202,111.98647531830933,5.1250481378730175
Dallas Cowboys,105.18149599575344,111.43354507265948,117.8208396705569,111.44549767026206,5.024462320773656
Blake Grupe,104.72353495034054,111.0426275509598,117.75211209628688,111.20376415628056,5.093030472378994
Pittsburgh Steelers,103.95795407494928,110.61954685646093,117.17958493967376,110.51639083453469,5.035517021488455
Joey Slye,103.12274094797442,109.26330213253274,115.70822314990627,109.31599496566146,4.9605494852800955
Green Bay Packers,101.77125409208969,108.49899433650867,114.67103097786489,108.40938820596641,4.967782993666638
Minnesota Vikings,101.99680869723322,108.14637144419333,114.82681336183968,108.3252657852133,4.961289739693076
Daniel Jones,98.99636544755373,108.4786519695287,117.93943358053423,108.42136069495844,7.453050867091539
Alec Pierce,98.66545310510146,108.09529285034489,117.93675240658072,108.0997290153458,7.536674056981158
New York Giants,101.58329693079487,108.15270297879601,114.33883394420471,108.06968607311693,4.944123715819014
Joe Flacco,98.49304437211832,107.46817227792927,117.11157523925078,107.69084689591037,7.391870588100824
Theo Johnson,100.46900889782835,107.13946619597691,113.64860350164248,106.9837178122714,5.0358629879520915
Tyler Higbee,96.87617600486796,105.40209775740732,113.1347979814438,105.19198840184195,6.280974338223568
Andy Borregales,98.15736549684132,104.97088157738442,111.23840415812246,104.84966897321289,5.036178912601497
Detroit Lions,97.82508894019868,104.26239830657516,110.88649025308337,104.29968232532296,5.207592999410473
San Francisco 49ers,97.09437541825852,103.72597958130136,110.49044566170915,103.69088351168551,5.166657345147411
Los Angeles Chargers,97.38529742738274,103.61411887508476,109.70274634592789,103.48481185840245,4.914209594783196
Graham Gano,97.54515342641217,103.63645970690219,109.50156961801264,103.58720664318064,4.733985755372396
Tutu Atwell,93.54143213284782,102.77868460343085,112.05538747052323,102.91147023936225,7.154092930963059
Tampa Bay Buccaneers,96.01283375485444,102.63090168026505,108.87834007119459,102.59645863701665,5.037441199232642
Kansas City Chiefs,95.7276549362903,102.34821131563999,108.79207894186568,102.40463944655549,5.063588641494337
Dyami Brown,95.61280653482676,102.55143164410417,108.74370937529805,102.32967625418247,5.140527054131675
Washington Commanders,95.89117030760966,101.89728888123551,108.70906814703272,102.13821780352542,4.996258349839016
Los Angeles Rams,95.47629977258731,102.0107610579175,108.55826800339521,102.04726190432595,5.0304332513743235
Indianapolis Colts,95.59034690742413,102.00352356469563,108.03553666427612,101.93683661263343,4.815970851718276
Chicago Bears,94.73294424506005,101.34502556964785,107.561747216931,101.38116358935524,4.945365372498493
Darius Slayton,91.83525543731942,101.80345313408495,110.57864737703208,101.51134176836253,7.200147443205964
Seattle Seahawks,94.84463391423057,101.1260999672001,107.81960537165574,101.1844766518639,5.213088144995533
Tre Tucker,91.06371193865198,100.50417168538743,109.76529098955275,100.59227971874273,7.289181663666758
Elijah Arroyo,94.14566942191762,100.5406233836941,106.61858768593693,100.4645061714536,4.871633851058129
Diontae Johnson,90.9114868345633,99.83334654511734,109.10746322697793,99.90352152831075,7.026735826758688
Ray-Ray McCloud III,90.85410989166733,100.1367280030009,109.10341037858913,100.17633024685861,7.042310579825093
Jalen Coker,92.21333601131782,98.9897709445062,105.2569941569463,98.92259558335928,5.109780763714264
DeAndre Hopkins,89.5885285204528,98.7399514517077,108.06923560277608,98.65212866106816,7.439410309254303
Cleveland Browns,92.3114685504389,98.3345660233663,104.69228523734539,98.4535520243061,4.942328783333226
New York Jets,92.62617020733191,98.71499275643384,105.34977995680073,98.76149039372166,4.93375585624599
Jalen Tolbert,88.08759137814222,96.70770472508507,106.23121155673012,97.03123383289724,7.025733198252632
Brandin Cooks,88.95655885793981,97.85499573492388,106.81770630390326,97.85715838647013,7.102279977688961
Arizona Cardinals,90.56422251839419,97.06927898524864,103.38660214122123,97.02584705175884,4.990931990727491
Bhayshul Tuten,90.4272117403031,96.96327587211721,103.57954160251408,96.95312996783304,5.091287494308086
Trey Benson,87.17479688353667,96.6390476831541,106.23653473954245,96.64930784408006,7.662114027685858
Cincinnati Bengals,90.19844357090741,95.67940341556104,102.77557134179355,96.13070207442087,4.968807745011276
Rico Dowdle,86.2624307170565,96.0381813662566,106.20917459297404,96.04392727602362,7.666533922439108
Allen Lazard,87.05870110014608,96.05273122400541,104.97061155826157,96.05960291434168,7.141141385670495
Roschon Johnson,86.2169901361107,96.05030396467086,105.6711394120789,96.0977476833573,7.684495672240152
Skyy Moore,87.70494396958325,94.18066617626295,101.00733307816022,94.36971172309298,5.176042481025061
Nick Westbrook-Ikhine,84.92898868798333,93.99852497905547,102.87056330006011,93.97022404704805,7.239520640369335
Nick Chubb,84.80355385581582,94.44706860889067,103.53251663003996,94.15614031991662,7.497293564304175
Tyler Allgeier,83.6644651311139,93.37399220527399,102.41936523238978,93.17239676003709,7.43537007714889
Miami Dolphins,86.39905484076345,93.23743373243256,99.12888572268578,92.88541944023314,4.888164194468969
Dustin Hopkins,86.35802868035854,93.66952942855409,100.44543408430009,93.45374374626336,5.203154751116586
Marquez Valdes-Scantling,83.33041686104997,92.9383246586053,102.09014776453607,92.77652434874125,7.3819181145499835
Atlanta Falcons,86.29230274545148,92.93952342551125,99.47596917398795,92.78286777391514,5.050027796160048
Mason Taylor,86.05856805377,92.45848050556171,99.213284749704,92.63920570346876,5.1543762479580195
Las Vegas Raiders,86.59695824906231,92.91525377801348,99.37633643657263,92.99613305892308,4.98946424220138
Jacksonville Jaguars,84.98878569943051,91.14832893135744,97.79989960057374,91.19453169466793,5.008602955519608
Ja'Tavion Sanders,84.35198030528377,90.73561726225876,96.9234887212841,90.80367578573359,4.9355838133974865
Will Dissly,82.3323353023511,90.83534916972701,99.13630506559797,90.74237092195646,6.480794746831687
Isaac Guerendo,80.20708247793823,89.99597734369573,99.80562692994646,90.07474938921551,7.653346155514093
New Orleans Saints,83.38935458975436,90.31323555881845,96.77468034935004,90.23642350625276,5.0773762018149045
Tennessee Titans,83.06497511865915,90.080252693852,96.42165503928472,90.08012748623467,5.062935546100693
Jordan Whittington,82.66137383707415,89.0883416844526,95.88838335045249,89.19780541694485,5.066831979297545
Jaydon Blue,82.75375556410462,89.36441149688636,95.79865723797096,89.33571586663531,5.002722108737019
Tyler Conklin,80.795669028402,88.07385770476235,96.22709532016528,88.17804826195491,6.179837331554692
Josh Reynolds,79.55092460170904,88.12360631189424,97.24445185673474,88.16486427618278,6.846394804488701
Andrei Iosivas,78.03455799746519,87.63976336737767,96.66939661567308,87.48988447947774,7.240043032682456
Braelon Allen,77.49222643929669,87.01835845796992,97.08581634971493,87.11817259819712,7.720816392562954
Ray Davis,77.58382899496878,87.37253162236148,97.38956869769375,87.28049855073567,7.446978664908202
Dontayvion Wicks,77.3097810587505,86.39567708786336,95.12771070017747,86.36186854380415,7.03389237832897
MarShawn Lloyd,80.14948602227044,86.39405126758157,92.95720070482413,86.43808480032773,5.001701520082609
Jaylen Wright,80.27894322746783,86.63136471172044,93.63610897572343,86.71211511966737,5.0301624498500415
New England Patriots,78.83550420578808,85.45996267330135,91.50010111121553,85.31794438747943,4.961893816705218
Jalen Nailor,77.1646541951585,83.6559469656774,90.18083557990214,83.6341177830065,5.091862724119022
Pat Bryant,77.64190162194274,83.66486122357188,90.00499672957045,83.76256298403972,4.950436880601209
Carolina Panthers,75.99570656562308,82.79220912559003,89.4029697955586,82.82041806963078,5.193190489181531
Noah Brown,73.50249469501851,82.69666724565857,91.72174690659023,82.66002486770644,7.094629399915684
Russell Gage Jr.,73.7304763580193,82.54410479882651,91.82599553243011,82.60311822109774,7.060987788116459
Justice Hill,71.20008623279101,81.32719067982362,90.70124982244164,81.07562592043732,7.687475227908257
Kareem Hunt,71.08115021076284,80.58367234145551,90.62874657061612,80.8001203358353,7.586491831701995
Cole Kmet,71.39595783020275,79.60822551300336,87.36952007347446,79.40086969232196,6.392181682839293
Jaylin Noel,72.28902377170726,78.70063621792264,85.23891406597272,78.71910108285411,5.0729338661044805
Dont'e Thornton Jr.,72.29729580027488,79.0004357172175,85.55013430271626,78.97120978725093,5.168143921206401
Troy Franklin,71.6192738369417,78.01023647845328,84.16184765103712,78.10209330313681,4.852141544546591
Christian Watson,68.98043470066247,77.75678824141912,86.92854792387125,77.92470887535872,7.183170602302363
Raheem Mostert,67.9402222298454,77.55783982721996,86.73797343394958,77.4850135043929,7.483232192445615
Curtis Samuel,67.99494656186542,77.13014824998746,86.91536746662192,77.29213929572114,7.2206440384774915
Adonai Mitchell,71.096212859871,77.27319526213078,83.8454883176458,77.39208348950545,4.897561335164352
AJ Barner,69.91489698722052,76.53140875990127,82.6531931424829,76.48673982229313,4.935370932837548
Miles Sanders,66.59878987421426,76.84022214482603,86.44612819133052,76.6880187426584,7.537096194651307
Elic Ayomanor,69.4021782151144,76.1037020017283,82.10760083013206,75.86201219062379,4.932307480936153
Noah Gray,66.14658777894368,75.1545802251245,82.93820324794835,74.91747959222465,6.706023219591446
K.J. Osborn,65.28309286995687,74.65134506083243,83.93888833222947,74.65898308086025,7.304528596712685
Kendre Miller,63.528054299550085,72.98597611346429,82.58382855789112,73.03016238852412,7.520623902766789
Devaughn Vele,65.48389695286919,71.56922345112042,77.88558687562275,71.65058147669883,4.8772199758793855
Blake Corum,64.67264180078718,71.13090548496635,77.02450616815933,70.98139523256684,4.852481368300177
Greg Dortch,59.66559573494905,69.28838469480974,78.3521465529951,69.24317728173229,7.324398931659497
Malik Washington,62.04800935696833,68.22192863598842,74.4770076046014,68.28580149159447,4.968440501442605
Anthony Miller,58.622605400811054,68.31157516796125,77.48176510184848,68.2714310381553,7.2785026392512595
Ty Johnson,57.772630670558996,67.0002097756659,76.16097742239344,66.9519644018867,7.274744195850476
Nick Folk,60.138885297936625,66.47509980872887,72.84898777817465,66.54026463686444,4.980393056177831
Kenny Pickett,60.35148153467211,66.33124424659309,72.41489126638449,66.30799854217759,4.892205499610533
Samaje Perine,55.744338677329296,65.48148925792383,75.21060465517209,65.55614077053086,7.709590871636216
Van Jefferson,59.604716404374045,66.0094185389069,72.21769807683778,65.99732982707621,4.909007065644246
Xavier Hutchinson,59.13110517828398,65.53022590205876,72.17394171273304,65.6543338356855,5.005616605667109
Spencer Rattler,59.3666899620023,65.96698501982691,72.26945064641653,65.74209275968126,5.0757666936822385
Tai Felton,58.61294115994719,65.24829497366076,71.75551045091738,65.07231697793358,5.0978358607617
Tim Patrick,54.74608558542929,64.6897928534828,74.16923567594968,64.61410309551943,7.3718204523971025
Kayshon Boutte,55.305107275994494,64.58522339298955,73.74900031268314,64.55794403745834,7.160069443125199
Michael Mayer,56.49234273908205,62.833407718705786,69.38530541028067,62.83769338614881,4.963048490084777
Devin Singletary,52.17838403955288,62.2347180759904,72.64009948699126,62.25710813766034,7.731701166301586
Matthew Wright,55.748366342715244,62.04393841239904,68.14444732145027,61.95000986848755,4.924496537656947
Antonio Gibson,50.64495537163775,60.48342308053041,70.98735089559082,60.61137305827392,8.060192758482003
Roman Wilson,54.367904555779965,60.607080101739065,67.30255127140202,60.675862578772445,4.9259184427418035
Austin Hooper,51.97831916987075,59.293520180004585,67.60756770645689,59.51818618608813,6.236434821666271
Foster Moreau,50.96391894003801,58.79342486046784,67.06411022468414,58.98064764739099,6.508874621706869
Dillon Gabriel,52.466318938265715,58.83465575613074,65.05500900120641,58.867542815871964,4.92655328676858
Jaleel McLaughlin,48.91746039158526,58.62583030339162,68.06195716322031,58.63043340322473,7.526327240663014
Khalil Herbert,48.833832583890896,58.63334206349799,67.86540053559519,58.405479116984345,7.52271178910078
Noah Fant,49.68473747397135,58.09867057601936,66.23651067822433,58.005858631770224,6.578913503845845
JuJu Smith-Schuster,48.426290913921136,58.16801153532464,67.85481460659054,58.04922196139989,7.339091045367172
Parker Washington,50.62555984757579,57.47319868018952,63.81911602750447,57.35437244734736,4.994794453595438
Terrance Ferguson,50.535873274509065,56.687422223047506,63.292771610228314,56.80801652372946,4.916729567375504
Dawson Knox,49.01227152786877,56.94842092643435,65.15943993076833,57.04996358931229,6.167117505991755
Chimere Dike,50.525195175700325,56.86527677191457,63.13400137895422,56.89067847547447,4.897862425029136
Jaxson Dart,49.82145691441458,55.98555812593324,62.19612249930789,56.036277263663784,4.84966280189211
Jalen Royals,49.554425687130006,56.208107839153236,62.445094965899926,56.07229205666131,5.081740245621088
Tyler Johnson,48.43113599150397,55.170908515900905,62.071884854370325,55.238852671076586,5.160942845203941
Demarcus Robinson,45.73963416796482,55.15440754472909,64.15954319236427,55.16114106935797,7.156193088576573
Jarquez Hunter,48.14931334877831,54.96370958037839,61.471125223077536,54.850494367724124,5.163619390129337
Rondale Moore,44.165278015227535,54.40289496706731,63.90080788166733,54.24546150418941,7.675486710032637
Keaton Mitchell,44.739585315749174,54.087741961094295,63.615309267676615,54.11072000507977,7.515235081193372
Kendrick Bourne,45.14153740943015,54.334222978519534,63.66275983787175,54.27702151671992,7.202955885156328
Jermaine Burton,48.271018128570674,54.68407349792702,61.29907969472766,54.59424054683457,5.087920148210514
Trevor Etienne,46.86695440441024,53.35168737328059,59.742813689434136,53.344108865052526,4.933644136757433
Elijah Mitchell,43.38000442326007,53.28010113416445,63.48318295391774,53.28750010233645,7.735272568727912
KaVontae Turpin,46.745378610507835,52.97133841730149,58.894431894824514,52.87094599250722,4.865958200181689
Taysom Hill,44.04546741718677,52.08127491266738,60.047586894922844,52.04069001264712,6.4148036719143375
Woody Marks,44.92750513049747,51.77524523443397,57.83759884386831,51.56519515596697,5.0207270930810175
Harold Fannin Jr.,45.338661315916994,51.775616257402255,58.19246495300981,51.81244452496946,5.056313345846875
Robert Woods,41.044593551001086,50.14047428307074,59.89590047272661,50.35794850063294,7.190156237295055
Malachi Corley,43.45546706781184,50.026705043119364,56.70019291189779,50.076611417733616,5.149949010941781
Shedeur Sanders,42.26201252644834,48.581973817463954,54.91668126742377,48.53938141574384,4.980349595696143
Jake Bobo,42.18795013122981,48.344714773618044,55.044266911608425,48.46237270798629,5.141813054549255
Luke McCaffrey,41.67766645901965,47.71358969741868,54.376196432091746,47.84051578674725,4.990624874257008
Ja'Lynn Polk,41.87588365280239,48.18750549107367,54.82447084396136,48.183264867801554,4.871231820781388
Tommy Tremble,40.47461797639991,46.48981337093391,53.20471564132561,46.611030393667626,4.92692861568364
Luke Musgrave,39.79164407460306,45.97562327163182,52.43974147607634,46.05535890857771,4.959484042914598
Zay Jones,36.042076079139825,45.537012743382846,54.83508261496269,45.46980898059526,7.2970549454299105
Ben Sinnott,38.81224524383231,44.881367406663074,51.296169495741225,45.07522188592974,4.7865721573724676
Oronde Gadsden II,38.28271568086281,44.44394874254704,50.84743121222101,44.61158291637827,4.92017862147861
Jeremy Ruckert,38.55857768191829,44.662325671570585,51.45859985855532,44.831183886038346,4.908831305879836
A.J. Dillon,34.11661225499299,43.86519325812866,53.215470109498185,43.89957852328115,7.517633368301458
Kenneth Gainwell,33.90991946443946,43.58739567469874,53.635772792328396,43.808002653615446,7.654851464321285
Will Shipley,36.16153910277882,42.81417190718713,49.51674524142485,42.84822587389856,5.140996748265673
Tory Horton,36.015970655840256,42.63144000514654,49.21955626053292,42.662571094554345,5.076884127471725
Elijah Moore,32.92461839582247,42.49312514872531,51.12321612487482,42.15851057228478,7.1827099100110585
Zamir White,31.986397702330542,42.24011605100951,51.62627000264363,42.06604568535913,7.676729881432623
Alexander Mattison,32.57078335501111,41.98434624436362,51.98119774262123,42.153791743907775,7.448818592314336
Brock Wright,34.942117820167525,41.99506634493595,48.01140077659717,41.757070637827084,5.070436821901793
Devin Neal,34.867477930656996,41.716637564319704,48.063854082053105,41.584727175716566,5.0159649871026595
A.T. Perry,34.24982075446656,40.40754896687686,46.2407290182278,40.370177238480856,4.859066915117971
Arian Smith,34.083320223808855,40.62262136714985,47.068014787695304,40.52505679252898,5.079545147563087
Luke Schoonmaker,33.466085744059534,40.12883375328769,46.80042248222891,40.10789194560434,5.208589996267786
Josh Whyle,33.91128926018965,40.11132022995433,46.32544063699642,40.04457041483947,4.9567259974624776
Derius Davis,32.65842485211079,39.3355251272979,45.66789167275556,39.222500687601745,5.012239413974931
Savion Williams,32.84859701790963,39.43777150019186,46.269602485888164,39.45859028417686,5.228304459198159
Kalif Raymond,30.338930525418068,39.25459933291966,48.18526274432513,39.285132672586016,6.90681740388484
Kyle Juszczyk,28.440049286395375,38.929553540927074,49.02780331023198,38.970024713341104,7.974111344393707
Jahan Dotson,29.365988989888237,38.677709387469164,48.3356149387734,38.98964386538851,7.474248511490525
Bub Means,32.59938397736695,38.92155542432698,45.494742682249296,38.93032560022961,4.995762618760531
Mo Alie-Cox,32.876254825306724,39.454367355174,45.90523773359101,39.376976705034785,5.184552281012576
Olamide Zaccheaus,29.12713193504688,38.1122480783729,48.25843393051739,38.35881410404084,7.415282683790316
Isaac TeSlaa,31.904190069040737,38.538911460842115,44.67404218955157,38.383580647554716,5.085675515360352
Josh Oliver,31.477394873717195,38.10217387612613,44.66317448190061,38.12478274641811,5.031230412262098
Sean Tucker,27.868943211832804,38.02500662610801,47.54025877847586,37.81427116233173,7.826525610339104
Kyle Monangai,31.22777423505063,37.50077481398651,43.825556430765445,37.508222174256595,5.024198262008466
Emanuel Wilson,30.209996604828213,36.33161326403595,42.77804431033377,36.42448280739011,4.924982496987114
Audric Estime,26.91230874250302,36.306457448514394,45.971253006663254,36.486052519895864,7.604109777986647
Daniel Bellinger,30.012693990356766,36.32519647534902,42.74194246973831,36.318790639728235,4.946044077144345
Cade Stover,29.989549705296675,36.14319324590491,42.31827877733107,36.06972831294942,4.883781240641626
Dameon Pierce,25.410023103465754,36.1411197975018,45.65337351847233,35.92986421594805,7.68098022444069
Jalin Hyatt,28.918499588798536,36.009860762826165,42.06080377723848,35.76818326779298,5.01458367738817
Brashard Smith,29.03416628910443,35.505781754992036,41.75051183053578,35.40613861656293,4.993810742711272
Isaiah Davis,28.664316558398077,35.317663906001115,41.71584100813207,35.33035244737615,4.99586898560377
Mack Hollins,25.420628766968672,34.58564435134099,43.611783099170474,34.469093087413135,7.147958179195917
Hunter Renfrow,25.083075437006766,34.71550417880873,43.859915711719886,34.58526983816075,7.264901784899708
Irvin Charles,27.977430299025688,34.59330482536315,41.159174847801744,34.630853526948734,4.979895189977842
Adam Trautman,28.21608066249336,34.55924444305571,40.59416911229967,34.52968427604869,4.840366160280292
Gunnar Helm,27.551059808775776,33.57295808241983,40.04023662944267,33.672431011630074,4.938276952410464
DJ Giddens,26.850712051606656,33.47449882591551,40.44548596189103,33.583838665027386,5.286094355524078
Tahj Brooks,25.895622945198234,32.331419541545586,38.709239554615046,32.31314269449141,4.978473672222114
Brevin Jordan,25.901112581609116,32.858772277273104,38.71701900306822,32.63520963885536,4.928843473177216
Grant Calcaterra,25.118410692124062,32.21757265757013,39.43020810701415,32.17144447260972,5.3707741883046936
Emari Demercado,22.59385055657805,32.51104485976661,41.63137173921949,32.21048449114378,7.577786596224505
Jordan James,25.805918071384333,32.01862478410263,38.06863781377902,31.963446547743438,4.86669575731926
Julian Hill,25.18415624684416,31.669731870419817,37.84017067203587,31.476008170769287,4.930444904605985
Xavier Restrepo,24.90031569631369,31.29866371065546,37.932325659176456,31.344790089480828,5.079958359222398
Charlie Woerner,25.01899424320153,31.04131530522075,37.41335440538081,31.155830727595372,4.880359118747814
Tank Dell,21.163117003603674,30.924341161410744,40.20295807900737,30.708959155944722,7.329055153972592
Lil'Jordan Humphrey,24.07721144058633,30.687331510039222,37.149779020492865,30.70794835786117,5.099783736336606
Michael Gallup,20.894009304134684,29.96197978454012,38.78657001217516,30.08333151325083,7.104854446435513
Jacory Croskey-Merritt,23.50190869206834,30.20582972019545,36.73561850518999,30.20557561222425,5.059777038002351
Johnny Mundt,23.94718456180553,30.00262844279876,36.46793264801162,30.03331316896341,4.943920996811922
Elijah Higgins,24.041872839814218,30.044677203952844,36.33140441814848,30.15798560836191,4.8540416701010365
Drew Ogletree,23.853764274845986,30.063377138916017,36.244906082574936,30.054752317234517,4.917641445713427
Jake Briningstool,24.11807908755141,30.18222754782485,36.274633348753056,30.247168503496344,4.792183029812323
Darnell Washington,22.94000667180702,29.38915375870508,36.3076616200178,29.49476494698768,5.129168808504394
Jaylin Lane,22.769170330884336,29.267884830811504,35.55921289446792,29.158685545168737,4.998396728586745
Jha'Quan Jackson,22.687386592879804,29.439240394492135,35.60557887076409,29.15763676651849,5.192816310619852
Kye Robichaux,22.986884156434975,29.42492932861353,35.78139961738712,29.411562151614174,4.963220050152141
Payne Durham,22.73505685187958,28.964593186627127,35.194336780296354,28.917180469998765,5.017776421017684
Sterling Shepard,18.29398255246194,27.991025755623454,37.678397181197965,27.829505656478467,7.314602166536747
Erik Ezukanma,21.953778897329254,28.5477394672045,34.91198772203313,28.45399501148913,5.092911797533466
Quez Watkins,21.90874541935264,28.241052316086567,33.93213316027377,28.15863362620688,4.8161654061699455
DJ Chark Jr.,18.348868740206452,27.961569337810737,37.099565448859224,27.931557294520427,7.1039956462897775
Colby Parkinson,21.45391465549844,28.00639631231901,34.64822371716136,28.02610507577152,5.079535390109185
Jordan Murray,20.984036862478266,27.553785130543822,34.22425840729546,27.556923934906656,5.170558986863255
Ollie Gordon II,20.78656194158212,27.167353542341065,33.349803605285445,27.21173453811243,4.98525585074044
Amar Johnson,20.377170748866824,26.933109967852857,33.36965758191217,26.93367346174961,5.075054552641176
Lucas Krull,20.714287816271316,27.21952153851917,33.81360707763791,27.131828492932794,5.061691237363698
Jalen Milroe,20.417450313343604,26.69266931287691,33.29959648062801,26.75588242530005,4.9896047876919125
Cam Akers,16.701545909124828,26.353427622028985,35.992536855116015,26.217169282461743,7.7207532178301586
Drew Sample,19.788743918994175,25.989099060086936,32.40681486296333,26.10778721449238,4.961423606707271
Connor Heyward,19.519805700616338,26.047631207268658,32.28637806811239,26.010824848474964,4.990674040819812
Parris Campbell,16.587833843766603,25.528746571001363,34.01999282700492,25.42180939313757,6.8784072827988805
Simi Fehoko,18.932634167653966,25.331151329474952,31.650719559656363,25.25713791602973,4.937469374892775
Nick Nash,18.984655724872244,25.29167077838797,31.705721170503043,25.333677500808033,4.894732725147773
Nate Adkins,18.68111403680917,24.662325405939065,31.184633116267428,24.78839194834327,4.938259110153763
Tyler Goodson,18.426200923970416,24.733221731177053,30.717415658203755,24.725233957478377,4.836360796172122
Jelani Woods,18.259914401108286,24.595740925112867,31.14389005029973,24.692331224057366,5.095762568727655
Michael Carter,14.530703132516804,23.94688363427084,33.784034508728006,24.095127125056433,7.588742675487148
Quintin Morris,17.99249545546326,24.127965231682325,30.89983782558576,24.223580231693116,5.011272537267362
Chris Brooks,18.038971032116592,24.15989767984718,30.836130192246326,24.256477083957584,4.978249731798194
KhaDarel Hodge,17.994759254642346,24.046839727533857,30.11563450089628,23.953787902536604,4.8184069222779025
DeAndre Carter,14.75680928660825,23.74594290033437,33.27588099485838,23.817932201099445,7.191279594580156
Pierre Strong Jr.,17.058370585540562,23.8081004679079,29.929564428895308,23.60959589975194,5.136998361952325
Stone Smartt,16.935864854550125,23.11704578855607,29.120293994960583,22.987020315755043,4.811435923449177
Ty Chandler,12.988519849436935,22.838166761958938,33.10288572107003,22.96674336274664,7.683157028952378
Tanner Hudson,16.838858756727106,23.188820665709656,29.71023929674724,23.134366406460416,5.176888230627843
Clyde Edwards-Helaire,12.893727360916143,22.83483937326735,32.16014543142953,22.63565785939162,7.414890898447279
Ameer Abdullah,12.607646888012223,21.701001823883097,31.02131501959772,21.813478526871908,7.472828179630895
David Moore,14.901108733009552,21.47980235543976,28.49733618900996,21.711038507358353,5.190054176752204
Jamal Agnew,14.849705551618127,21.38314738638539,28.115556516860075,21.484707254384617,5.058356456053702
Hunter Long,14.890841190764668,21.20592995391089,27.970743637644013,21.297546863423026,5.159380110104844
Charlie Kolar,15.292370135379567,21.52042866664562,27.701926103109102,21.504744950022125,4.855627735983366
Alec Ingold,15.146770857803325,21.317327547637117,28.016652797332405,21.382043564949388,5.035156080425721
KeAndre Lambert-Smith,14.778920832764394,21.17168179275159,27.67774338230735,21.192869744542666,5.00913410794274
Pharaoh Brown,14.779777766765035,21.058032503327837,27.161593087008523,20.89190685715568,4.837934251527056
Ainias Smith,14.570405413902135,21.455046169932487,27.5138693674811,21.281506668857336,5.078181027994522
Tylan Wallace,14.97249945696143,20.914047167441446,27.1643212004954,20.986786098308222,4.895849880454657
Dare Ogunbowale,10.466352883352027,20.73776335086088,30.46329995244256,20.700730673557647,7.672741524050835
Craig Reynolds,14.203598281572635,20.271859324281635,26.887145939755438,20.3567478612915,5.107101565860015
Michael Burton,13.817468111314367,20.17364287203384,26.916599780745937,20.30194428534142,5.052286193086777
Mitchell Evans,13.991259140679304,20.138173476877263,26.104046172524047,20.128282341009005,4.74810411477127
Patrick Taylor Jr.,13.094953307398667,19.985820141007565,26.178258210514915,19.766393847070656,5.0561142136771915
Damien Martinez,12.723518303553178,19.501808148274236,25.762243081009505,19.35353080501454,5.0723669737870525
Tez Johnson,13.256352514113827,19.5878573497099,26.154303484297547,19.51652580765362,4.954815913109535
Tim Jones,12.480928356312258,19.12613026721104,25.768283583790343,19.154465081496582,5.105308924794899
John Metchie III,12.528029528658685,19.270659403304244,25.710482493183168,19.191715812995294,5.1821285466360205
Michael Woods II,12.747638350492373,19.365248481723707,25.664573642597837,19.230650468391993,5.026504389122194
Kalel Mullings,12.699395452060225,19.00673640840543,25.619699058266985,19.12307286329283,5.167361650246477
Chris Rodriguez Jr.,12.670164948460025,19.213455692441897,25.408113640233875,19.020450600771127,5.0325620558030595
Justin Watson,12.23061238497313,18.75219117925746,25.295472024929953,18.820639848465724,4.975858267032491
Montrell Johnson Jr.,12.587270033366655,19.195187417127528,25.506821948675853,19.124765496392808,5.143440442121714
Mason Rudolph,12.283726453173687,18.472709685558023,25.102697042098665,18.63864424970686,5.018768823015491
Devin Culp,12.330125628282238,18.654118024445367,25.385470880828098,18.728146576455664,4.937119188881964
Tip Reiman,12.616463695895309,18.952385262053273,25.4372578339911,18.856058192794173,5.032409571643955
Brevyn Spann-Ford,11.781806462303985,18.21766859309375,24.510613424068797,18.131235694569867,4.968596634504579
Gavin Bartholomew,11.652944329367687,18.268908327086827,24.349032373917407,18.113703239137486,4.890831008759009
Cody White,11.480074627789538,18.014243808644004,24.11352182085803,17.838529631726903,4.954002279667665
Dareke Young,11.572352924454991,17.808023467251324,24.345998441254693,17.994499193647535,5.003927490984982
Malik Willis,11.849814051753002,17.92111951105783,23.895016615284316,17.874857903206074,4.842105044723941
Giovanni Ricci,11.621604200118114,17.473136414043452,23.902269066551856,17.485257620462146,4.806184965149353
Cedrick Wilson Jr.,10.74083490256167,17.2928915449367,23.312843118819565,17.244360916010766,4.925240685301956
Teagan Quitoriano,11.426479948612583,17.515897923192938,24.321575007412836,17.665710949221094,5.021408833424483
Jared Wiley,11.116286268885847,17.31913153914853,24.168805235562772,17.521972975505953,5.017101665044831
Carson Steele,10.843453476964653,17.227082498499882,23.740005086656886,17.211159662566708,4.956585784549172
Jaheim Bell,11.027738991392612,17.662662438184437,24.40133578334497,17.70450322815089,5.108813286019186
Lawrence Cager,10.916415242555399,17.051864649389223,23.19985616511172,17.106148420909392,4.854626012388988
Tanner McLachlan,10.492203627090598,17.049077381074575,22.999668275465737,16.858022694608735,4.937581493138455
Bo Melton,10.610736093429267,16.78144987547453,23.273071602057055,16.85170742907633,5.006389830302998
Ben Skowronek,10.588393996833094,16.829338638246362,23.212459128531737,16.8799991245595,4.9014270515987635
C.J. Ham,9.820638830979027,16.290882807849002,22.886233404833956,16.33530783141193,5.092412297569586
Devontez Walker,10.312223838799477,16.5825378380695,23.135303249210974,16.62935359153064,4.979648322147294
Cam Grandy,9.682916017296433,16.35413797492584,22.950093716542266,16.300444988830264,5.05563119135445
Charlie Jones,9.968167189743626,16.31996445594551,22.571117851510472,16.24036413560535,4.976116034023504
Jameis Winston,6.460997012132604,15.884353959581627,25.34861200847533,16.00401532914385,7.241915513398694
Rasheen Ali,9.958199177385675,16.18519108071873,22.89038993007403,16.26103495311304,5.11737848757366
Brenden Bates,9.234725310136584,15.884767670133975,22.103525394756026,15.670636515953923,5.031872036423241
Jackson Hawes,9.588094888536975,15.598027741132888,22.135065404199455,15.83610974385918,4.952777526115953
Eric Saubert,9.377848570119445,16.022298821260485,22.03128887878851,15.83265118010357,5.102897156654706
Travis Homer,6.5333714108248175,15.510341470693486,25.51877629912775,15.726198774886571,7.392140979842643
Maurice Alexander,9.275563761341946,15.833793356057967,22.023769346961583,15.717294473399852,4.981351790894591
Luke Farrell,8.827424246264275,15.927225331508232,22.255905541518118,15.681304704411616,5.132054170685137
Samori Toure,9.305611252777366,15.472979148236432,21.23015395452723,15.4558204417042,4.746281556901627
Kirk Cousins,6.340628617650004,14.723447789551837,24.38124519412664,15.044732863380391,6.991311677430564
John Bates,8.794870218749601,15.209642007630798,21.444013263469834,15.133224610807257,5.03566822564875
Jeremy McNichols,4.493993184193297,15.447941930938523,24.946483476688243,15.014157915593806,7.65016613785198
Raheem Blackshear,8.117644951134242,14.673125867681483,21.162643347990223,14.57394697536057,5.037319003748271
Ashton Dulin,7.821568916538013,14.031099161839752,20.63584109272886,14.18871570287086,4.906526823916212
Robert Tonyan,6.172683978962171,14.143287081957709,22.146359084607813,14.20111261638207,6.299938769142511
Sincere McCormick,8.34407396489909,14.299315982476799,20.805880767974006,14.4987683633126,4.822318072268747
Travis Vokolek,7.8715397446922735,13.97764560994174,20.225691955465837,14.001758533816416,4.831046261690331
Xavier Weaver,7.901400436972674,14.226716488414667,20.79579222693444,14.209016794062038,4.962482795797951
Julius Chestnut,7.646784723454687,13.776052167926505,20.32820811623365,13.887021509524372,4.863183191413678
Malik Heath,8.076114166640933,14.19094754923482,20.826457452800593,14.332769977736367,4.9355862632058605
Johnny Wilson,7.310341435745712,14.116636307041759,20.39477450794532,13.946045776233916,5.0107343646660265
LeQuint Allen Jr.,7.039907894200991,13.708476426815265,20.03069806642689,13.661760858183795,5.040052748806073
Caleb Lohner,7.168769866630448,13.921529843867548,19.918042382050672,13.65017759548731,4.929508239311683
Kimani Vidal,6.959690792946574,13.570987238209554,20.135817791954423,13.48948521501476,5.010115004762823
Will Mallory,6.529255853609099,12.88845590563887,19.194329174859845,12.995020251416339,4.9299805000488375
Marcus Mariota,4.025391775654492,13.28340592771768,23.0130236317366,13.558533480794798,7.30464795215989
Moliki Matavao,6.596803950907383,13.007074463207086,19.254952659961454,13.072642675301728,5.144882508909371
Durham Smythe,6.20188878566784,12.927429535742744,19.495351739364274,12.992036542121344,5.126232873172887
Kenny Yeboah,6.360125589203868,13.128929900408258,19.73019938901335,13.085029603708412,5.15299864273953
Tommy Mellott,6.126975026850507,12.573407089280668,19.162214369138322,12.621097495971156,5.067500958993292
Javon Baker,6.186008672547874,12.602337435323882,18.706091567203615,12.47686648987823,5.036557803767741
Mecole Hardman Jr.,5.870956974173922,12.182939218885643,18.60321213493013,12.274398587339595,4.846377050887722
Mac Jones,3.0810610433505206,12.581806961196307,21.794482147030728,12.639264929008508,7.021432121054217
Joshua Dobbs,2.705819634067009,12.134042755358927,21.663534247081728,12.30598857588441,7.165939150606722
Jordan Mims,5.780233594905011,12.234139570287216,18.575991449521347,12.218876795090404,5.059972688422569
Zach Wilson,5.5079358354567,11.55996886323165,18.475189124849358,11.798573174305758,5.078167900612866
Ross Dwelley,5.415430347647123,11.734234067711903,18.17685448405918,11.74336564819109,4.984534554298001
Chris Manhertz,5.05051996405651,11.77607414869832,17.42954614209454,11.504454704210039,4.831758648626194
Dee Eskridge,5.3008689374893025,11.66975512425283,17.768574512578592,11.694120190942144,5.00210671313572
Gardner Minshew II,2.2699165439732396,11.384073654096548,20.77840673300055,11.59599609468978,6.974903924554428
Jimmy Garoppolo,2.781712267125989,11.744782623464424,20.94443844170555,11.966586506834181,6.766877011528093
Jake Browning,4.77753979935998,11.300365767411302,17.239299716990235,11.205614389051217,4.8623757167428305
DeeJay Dallas,4.6476833806835485,11.015525877885356,16.941248360889468,10.945317858448911,4.840591531796774
Tyrod Taylor,1.5182334901448131,10.994506377227523,20.030682046169886,11.224047216374085,6.948085957373719
Aidan O'Connell,4.789799986721696,11.304077209459656,17.66431234469782,11.2723009137232,4.90563269228268
Jonathan Mingo,4.7690429748436545,11.118637926001215,17.53217891132977,11.20375784210933,4.9836601451808535
Deuce Vaughn,4.4976396722072565,10.507959377816888,17.280936842117903,10.789014124651843,4.90588541695747
Patrick Ricard,4.2417004193143795,10.568464860954146,16.901110290938806,10.6036618916421,4.914814665236193
Ian Thomas,2.155661257657791,10.763971828160532,19.02969590480042,10.904177568310272,6.17378795676667
Israel Abanikanda,3.991367289274034,10.558933475617508,16.803310616446236,10.393260429939692,4.9126216224401125
Davis Allen,3.969807022057489,10.304011389122948,16.709154736292508,10.413794065535756,4.982463435453324
Dante Pettis,4.376875208650859,10.477644148552187,16.838208051642038,10.553905998274924,4.875148905968937
Jacoby Brissett,1.1189555429378442,10.528929918104616,20.471016284333416,11.004835419293503,7.06457447189559
Nick Mullens,3.553382841239896,10.337869714176357,16.62133304703521,10.22565972364054,4.916340613381332
Kendric Pryor,3.6602551127376284,10.062273382661582,16.47571645485346,10.243218372724055,4.980245401669791
Hassan Haskins,3.662735063085226,9.93538311276578,16.138957128911358,9.932573475432589,4.874556065049591
Treylon Burks,3.6186565873980188,10.00808245879086,16.311465857003608,10.000664854648974,4.949939921803847
Joe Milton III,2.7434794287397937,9.963060283236041,16.12982873590067,9.82535949190245,5.059749349611326
Ronnie Rivers,3.2254076809590035,9.948129783129026,16.409885018356373,9.95852296001712,4.948193499993393
Frank Gore Jr.,3.7332081213309185,10.135969395357808,16.127986615578667,10.032759784683458,4.754271236503389
Jashaun Corbin,3.452135736815937,9.735893050662247,15.997859086881617,9.816459540432184,4.833528982118482
Trishton Jackson,2.836499039142061,9.561565020174768,15.729505370809578,9.551047858050493,4.802412826617228
Devin Duvernay,0.22421754377986994,10.15631114864583,19.702973632471124,10.394836243664288,7.017155372863689
Gary Brightwell,3.0120475601855756,9.385497762723048,16.00119236017292,9.444391955929317,4.947495194801881
Jalen Brooks,2.653300536308641,9.379768233751644,15.553496878366577,9.398211126324279,4.832171236780723
Hendon Hooker,2.329834423741333,9.13699816196236,15.815806574460462,9.200954620862946,5.03911936467791
Hunter Luepke,2.5676100696794544,8.90561479530638,15.017921197400387,9.029546480442498,4.794007411586758
Irv Smith Jr.,1.3378058899045562,8.722545508848638,16.79239974023695,9.063586298964148,5.899047708532163
Mitchell Trubisky,0.0,9.128489617687343,18.379734158330063,9.517106185355155,6.6211665697685165
Cooper Rush,1.940619483962915,8.630864116225544,14.733785904218262,8.625336754089902,4.658266790847015
Tucker Fisk,2.0851614950000097,8.77263708622209,15.181122774203393,8.834058915470113,4.943940746561293
Davis Mills,0.0,8.52935548895033,18.33008665843781,9.060801358444737,6.594950585352842
Eric Gray,2.4070276066554146,8.303999256496512,14.552427248624468,8.55448436671494,4.709584737564124
Jarrett Stidham,2.048176284282173,8.296408388040323,15.046600056859313,8.535007046606507,4.909416861081286
Jordan Watkins,1.9430289552065103,8.586567887491345,14.7185722939085,8.62080070936875,4.86577220938707
Drew Lock,0.0,8.65977739398302,17.785057136994233,8.975531218882043,6.620423961115094
Tanner McKee,1.2637088198168747,8.018365059070842,14.831055944308176,8.19461938734338,4.8736421206199525
Chris Blair,2.27791639874415,8.15748171393549,14.260821198583827,8.372195056881614,4.6046969739837085
Austin Trammell,1.843676136508885,8.481130266739871,14.203110097599355,8.451735449460873,4.755288128936732
J.J. Taylor,1.8727755920014915,8.583857792447883,14.845372942068309,8.426271229486227,4.770639093456962
Dominique Dafney,2.1183116396837414,8.322036804987754,14.427367823013656,8.330780282617747,4.638297462132125
Tyson Bagent,1.9434671328919177,8.362096938506031,14.439508145136145,8.354281324766452,4.6527492932432954
Scotty Miller,1.662329840426362,8.371943303739478,14.578641386777868,8.34280743595449,4.740008012551706
Andy Dalton,0.0,8.397866014219822,17.17172768574204,8.712519763615893,6.286643836172487
Scott Matlock,1.7703675673917572,7.828973320715971,14.424103076620998,7.97893399388932,4.6210034455343445
Zach Pascal,0.0,8.10737938489571,17.676032684449652,8.75836320337151,6.589819694369645
Kylen Granson,1.8644650109671805,7.720956674898371,14.23547791516722,7.94924031169228,4.685909123263044
Miles Boykin,1.9904497505621341,7.882719232133622,14.056433860180181,7.993410588613544,4.63853985669923
Brandon Allen,0.8570667749742197,7.693771721012235,13.853970200004316,7.711606316736231,4.6842599176481965
Sam Howell,0.0,7.832569227901155,16.88992409855705,8.336678959384038,6.450168375545957
Brycen Tremayne,1.232491783438212,7.389056693771257,13.595219149624775,7.551581506278695,4.596464800425738
Trey Lance,0.8013450014165311,7.162381673208863,13.831260956478252,7.49569135787127,4.6825012510847355
Trent Sherfield Sr.,0.7898696610711551,7.29593792493009,12.969261114759465,7.356017271589711,4.5732463272426465
Kyle Trask,0.955949160410527,7.384647154945508,13.663267605654475,7.490508493223898,4.568933401451888
Tyler Scott,0.38265487653176516,7.43340721272577,13.542819959048392,7.396106096824031,4.704234353642237
Taylor Heinicke,0.0,7.55521074365187,17.118189668191523,8.122101612177383,6.673211710958192
Xavier Gipson,0.5812144870707647,7.067301208583956,13.274742334410139,7.191329498362041,4.489744251472892
Greg Dulcich,0.43078754864120244,6.877149612479271,13.29491071064285,7.100955792434341,4.6638251428473385
Jamari Thrash,0.2739851378342817,6.894735690568593,12.8096458902764,6.981351687726167,4.616721725491584
Darrynton Evans,0.15558315189380847,6.971252437061464,13.23856011216759,6.981440208379072,4.7503754571177215
Deshaun Watson,0.0,6.815471706833875,16.133942942943932,7.57888118402002,6.279692463297989
Britain Covey,0.06032195318956327,6.549281725487212,13.214024611954686,6.910414330878423,4.744199379144057
Anthony Gould,0.014061161995194138,6.486157315105796,12.882013238420415,6.658441600401284,4.600277319381169
Case Keenum,0.0,5.991320119897278,15.279169680186888,6.943051278223543,6.08744943150614
Stetson Bennett IV,0.0,6.202733935024691,12.57061952477541,6.433461108118521,4.447596245006191
Desmond Ridder,0.0,5.808489155644944,15.06597623271556,6.690601625095609,5.905400212179578
Clayton Tune,0.0,5.952048905804318,11.888834450700443,6.090772787174073,4.3987723957304565
Zonovan Knight,0.0,5.413641675695111,15.186622984647911,6.458527106154661,6.0191220865842805
Trey Sermon,0.0,5.705433663089691,14.998393361455,6.600529791140214,6.108643889228581
Jimmy Horn Jr.,0.0,5.618635546021483,11.709319948895562,5.781021553379487,4.328705038459928
Elijah Dotson,0.0,5.3784152204167635,11.64657808107404,5.775020754432936,4.322429977232212
Erick All Jr.,0.0,5.097401110538948,11.491186037432023,5.524520091681665,4.287224213304733
Jake Haener,0.0,5.298526730473911,11.563068855020477,5.700483882605909,4.367707273974438
Velus Jones Jr.,0.0,5.623438836201083,12.012848512071896,5.910751825959386,4.419305556878996
Terrell Jennings,0.0,5.274039240693685,11.152252355994008,5.574088265534634,4.2458358470801025
Isaiah Williams,0.0,4.918173997076059,10.9056056003572,5.223022106432036,4.248357495182182
Tanner Conner,0.0,5.053846042265228,11.535974175844842,5.416303136675953,4.304974938549068
Josh Johnson,0.0,5.297343538119204,11.517271658760807,5.678449673906736,4.273202095712865
Quinn Ewers,0.0,5.185287218642021,11.323737413492827,5.5356135427235085,4.310439329590438
Rakim Jarrett,0.0,4.861303956710268,11.263951963237702,5.298913393521298,4.286786788544166
Zach Davidson,0.0,4.842918239556796,11.072253841752131,5.23245651899533,4.308572421427232
Cam Miller,0.0,5.09754159463567,10.961464655774579,5.309142854836531,4.2288230290119895
Kyle McCord,0.0,5.358249959081043,11.112428273172343,5.449812998982011,4.17464021094216
Ryan Flournoy,0.0,5.057874780381118,11.300624117332038,5.319460497663928,4.261792105023121
Graham Mertz,0.0,5.048723045577555,11.339383746485655,5.49640037276413,4.359032872006377
Tyler Badie,0.0,4.6502995190080565,11.374136979844062,5.213007859126012,4.395923254243102
Trey Palmer,0.0,4.4088206490039585,10.666008469051931,4.908653568574962,4.114899785187274
Will Howard,0.0,4.617345727042238,10.868109554835952,5.023776706604358,4.116339312222043
David Martin-Robinson,0.0,4.175230139273479,10.571529263200393,4.80139390217304,4.208923523290739
Laviska Shenault Jr.,0.0,4.789328607838751,14.371431680616256,6.067807280748045,5.906033563652845
Isaiah Neyor,0.0,4.156812036793212,10.58338293244368,4.799731314954261,4.152528606827045
Blake Whiteheart,0.0,4.281945686890439,10.897975471495178,4.884911210612685,4.3053563339839975
Feleipe Franks,0.0,4.562958328162427,11.031977359404392,5.096923556565899,4.217114505521463
Jack Stoll,0.0,4.599468040945723,10.814288542983377,5.066178555591165,4.278735191342366
Steven Sims Jr.,0.0,4.348186044084139,13.036329164974566,5.43592752756518,5.259757898742213
Ben Yurosek,0.0,4.213141095637102,10.943766120952803,4.876130653476751,4.217979510205759
James Mitchell,0.0,3.98690937095557,10.496625918331997,4.556263833124873,4.033375287711247
Lan Larison,0.0,4.209335000529602,10.664966627714845,4.7721730124572055,4.183940130066117
Riley Leonard,0.0,4.056479825158791,10.47345405128031,4.571177387776911,4.146718281554348
Dylan Laube,0.0,3.746050827717471,10.623507195770935,4.507946430214864,4.147447828882885
David Bell,0.0,4.23505162218853,10.299490446345075,4.570749544672015,4.038943347498731
Sione Vaki,0.0,3.741768282867363,9.9075754199997,4.398056786593381,3.967086656728926
Marcus Yarns,0.0,3.7352442086699416,10.02069116014058,4.482209068413538,3.9937769528022513
Jacob Cowing,0.0,3.359192919282318,10.044166251014111,4.298812771135595,4.113542545983173
LaJohntay Wester,0.0,3.3171051412641477,9.789386511276888,4.067182750087173,3.9433656319745714
Avery Williams,0.0,3.2391994885565394,9.517324636833841,4.061379887806603,3.981172963927032
Xavier Smith,0.0,2.6169042069131176,9.384979809800807,3.700877792006571,3.9131110396345212
Braxton Berrios,0.0,3.1154683671320385,9.609812564872847,3.9584756590939487,3.9924389199032717
Harrison Bryant,0.0,2.6216155378867647,9.177880970609102,3.634567453310155,3.839081420104581
Keilan Robinson,0.0,2.7728000528688,8.855568627498217,3.659562415361309,3.7152599480243707
Corey Kiner,0.0,1.872586079249146,8.356658492449917,3.122078336593761,3.5324309671901597
Carlos Washington Jr.,0.0,2.1022114313827234,8.333411081913054,3.154694299973243,3.5630338695701784
Donovan Edwards,0.0,1.9236036111701624,8.11173866952903,3.0282010036029687,3.404170875560839
Raheim Sanders,0.0,1.7559395509586588,8.36200245189679,2.9791529093670364,3.502893089051304
Phil Mafah,0.0,1.8791969454855688,8.202667472720083,3.0598550519549517,3.523096294548842
Ihmir Smith-Marsette,0.0,1.3347859757547424,7.900279645200842,2.7008757122067735,3.265255073894939
Chris Moore,0.0,0.9082001672585494,10.453288226804526,3.5062595399661975,4.673789752406069
